Date,Open,High,Low,Close,Volume
2017-08-17 00:00,4469.93,4485.39,4200.74,4285.08,2812379.11
2017-08-18 00:00,4285.08,4371.52,3938.77,4108.37,4994493.56
2017-08-19 00:00,4108.37,4184.69,3850.0,4139.98,1508239.39
2017-08-20 00:00,4139.98,4211.08,4032.62,4086.29,1915636.35
2017-08-21 00:00,4086.29,4119.62,3911.79,4016.0,2770592.06
2017-08-22 00:00,4016.0,4104.82,3400.0,4040.0,3648726.5
2017-08-23 00:00,4040.0,4265.8,4013.89,4114.01,4062506.52
2017-08-24 00:00,4114.01,4371.68,4085.01,4316.01,3225405.8
2017-08-25 00:00,4316.01,4453.91,4247.48,4280.68,2440323.79
2017-08-26 00:00,4280.68,4367.0,4212.41,4337.44,967753.32
2017-08-27 00:00,4337.44,4400.0,4285.54,4310.01,1507589.96
2017-08-28 00:00,4310.01,4399.82,4124.54,4386.69,2546618.75
2017-08-29 00:00,4386.69,4625.85,4313.55,4587.48,2640584.83
2017-08-30 00:00,4587.48,4647.51,4416.01,4555.14,3600737.68
2017-08-31 00:00,4555.14,4745.42,4555.14,4724.89,2548384.43
2017-09-01 00:00,4724.89,4885.55,4654.88,4834.91,2634056.29
2017-09-02 00:00,4834.91,4939.19,4286.87,4472.14,4072965.36
2017-09-03 00:00,4472.14,4714.76,4298.33,4509.08,3011023.5
2017-09-04 00:00,4509.08,4527.49,3972.51,4100.11,5550545.61
2017-09-05 00:00,4100.11,4484.99,3603.0,4366.47,4863148.22
2017-09-06 00:00,4366.47,4662.87,4335.26,4619.77,3500735.96
2017-09-07 00:00,4619.77,4788.59,4438.19,4691.61,2219664.92
2017-09-08 00:00,4691.61,4735.39,4028.93,4282.8,4764005.93
2017-09-09 00:00,4282.8,4426.62,4150.06,4258.81,2814560.35
2017-09-10 00:00,4258.81,4283.0,3801.0,4130.37,2653218.2
2017-09-11 00:00,4130.37,4334.43,4098.91,4208.47,2895733.88
2017-09-12 00:00,4208.47,4394.59,4040.8,4163.72,3700789.23
2017-09-13 00:00,4163.72,4165.38,3760.0,3944.69,3522155.98
2017-09-14 00:00,3944.69,3993.0,3165.13,3189.02,5831847.65
2017-09-15 00:00,3189.02,3856.0,2817.0,3700.0,6525220.95
2017-09-16 00:00,3700.0,3950.0,3470.66,3714.95,4739326.89
2017-09-17 00:00,3714.95,3748.21,3499.02,3699.99,2445321.19
2017-09-18 00:00,3699.99,4123.2,3690.0,4035.01,4059703.98
2017-09-19 00:00,4035.01,4089.97,3830.91,3910.04,3544361.84
2017-09-20 00:00,3910.04,4046.08,3820.0,3900.0,2834260.05
2017-09-21 00:00,3900.0,3910.0,3567.0,3609.99,3642671.89
2017-09-22 00:00,3609.99,3750.0,3505.55,3595.87,3011224.81
2017-09-23 00:00,3595.87,3817.19,3542.91,3780.0,2781158.57
2017-09-24 00:00,3780.0,3789.99,3622.76,3660.02,2439045.2
2017-09-25 00:00,3660.02,3979.87,3653.69,3920.75,2755957.53
2017-09-26 00:00,3920.75,3976.99,3850.05,3882.35,2047857.28
2017-09-27 00:00,3882.35,4249.94,3872.81,4193.0,2542872.29
2017-09-28 00:00,4193.0,4300.0,4101.0,4174.5,3510052.09
2017-09-29 00:00,4174.5,4263.86,3952.01,4174.69,6403068.39
2017-09-30 00:00,4174.69,4380.0,4138.1,4378.51,3025265.75
2017-10-01 00:00,4378.51,4406.52,4240.04,4378.48,3128231.71
2017-10-02 00:00,4378.48,4561.63,4360.0,4380.0,2811131.03
2017-10-03 00:00,4380.0,4467.33,4180.8,4310.0,4579122.09
2017-10-04 00:00,4310.0,4373.0,4142.0,4208.59,3639917.0
2017-10-05 00:00,4208.59,4355.0,4110.0,4292.43,3216620.42
2017-10-06 00:00,4292.43,4417.0,4292.0,4369.0,2193131.64
2017-10-07 00:00,4369.0,4479.5,4312.56,4423.0,1261367.6
2017-10-08 00:00,4423.0,4658.0,4423.0,4640.0,2282412.29
2017-10-09 00:00,4640.0,4889.98,4550.0,4786.95,3006465.77
2017-10-10 00:00,4786.95,4960.0,4680.59,4783.06,5011470.95
2017-10-11 00:00,4783.06,4881.61,4710.0,4821.43,3529503.87
2017-10-12 00:00,4821.43,5439.99,4810.16,5430.0,6610146.0
2017-10-13 00:00,5430.0,5846.17,5379.84,5649.98,10519034.83
2017-10-14 00:00,5649.98,5900.0,5580.01,5869.99,5507933.89
2017-10-15 00:00,5869.99,5922.3,5400.01,5709.99,7474934.37
2017-10-16 00:00,5709.99,5788.91,5585.19,5760.02,8628528.43
2017-10-17 00:00,5760.02,5774.98,5508.63,5595.0,7998644.63
2017-10-18 00:00,5595.0,5596.0,5037.95,5512.06,12337122.76
2017-10-19 00:00,5512.06,5710.0,5490.26,5683.9,10537781.67
2017-10-20 00:00,5683.9,6110.0,5600.0,6010.01,11235714.66
2017-10-21 00:00,6010.01,6171.0,5850.03,6024.97,10031910.73
2017-10-22 00:00,6024.97,6060.0,5720.03,5950.02,7951487.14
2017-10-23 00:00,5950.02,6080.0,5621.03,5915.93,10468709.39
2017-10-24 00:00,5915.93,5925.0,5450.0,5477.03,14426687.47
2017-10-25 00:00,5477.03,5704.96,5286.98,5689.99,12398533.97
2017-10-26 00:00,5689.99,5939.99,5650.0,5861.77,11340558.63
2017-10-27 00:00,5861.77,5980.0,5649.24,5768.83,8110889.65
2017-10-28 00:00,5768.83,5850.02,5630.03,5719.64,7265286.61
2017-10-29 00:00,5719.64,6189.88,5648.01,6169.98,10494670.52
2017-10-30 00:00,6169.98,6248.68,6030.0,6120.5,8989412.91
2017-10-31 00:00,6120.5,6498.01,6100.0,6463.0,9405855.26
2017-11-01 00:00,6463.0,6774.67,6338.02,6753.98,10848260.96
2017-11-02 00:00,6753.98,7300.0,6685.1,7019.98,17065694.69
2017-11-03 00:00,7019.98,7346.34,6923.0,7115.04,13371961.76
2017-11-04 00:00,7115.04,7480.99,6901.0,7357.09,9967485.56
2017-11-05 00:00,7357.09,7590.25,7279.02,7345.01,8887109.79
2017-11-06 00:00,7345.01,7401.0,6906.0,6960.12,12518224.29
2017-11-07 00:00,6960.12,7198.49,6901.0,7064.04,10043061.88
2017-11-08 00:00,7064.04,7770.0,6651.0,7303.0,19801967.39
2017-11-09 00:00,7303.0,7392.0,7015.0,7079.99,13654254.41
2017-11-10 00:00,7079.99,7279.91,6255.01,6506.98,21622898.73
2017-11-11 00:00,6506.98,6797.98,6100.0,6245.05,17244601.14
2017-11-12 00:00,6245.05,6630.0,5325.01,5811.03,29032268.06
2017-11-13 00:00,5811.03,6697.47,5699.99,6465.99,16021297.87
2017-11-14 00:00,6465.99,6684.98,6311.07,6574.99,8002218.02
2017-11-15 00:00,6574.99,7298.0,6574.99,7240.06,12209260.29
2017-11-16 00:00,7240.06,7940.0,7076.0,7864.5,17218742.72
2017-11-17 00:00,7864.5,7989.0,7451.0,7699.19,30331551.17
2017-11-18 00:00,7699.19,7819.99,7422.0,7761.94,30018085.64
2017-11-19 00:00,7761.94,8123.15,7650.33,8038.0,30155811.14
2017-11-20 00:00,8038.0,8319.99,7954.0,8212.0,31325904.01
2017-11-21 00:00,8212.0,8400.0,7801.0,8119.51,36459262.83
2017-11-22 00:00,8119.51,8322.68,8091.09,8205.92,28909672.15
2017-11-23 00:00,8205.92,8260.0,8000.0,8019.99,33078791.97
2017-11-24 00:00,8019.99,8369.0,7850.0,8138.0,35190695.02
2017-11-25 00:00,8138.0,8734.78,8090.0,8700.01,35557462.89
2017-11-26 00:00,8700.01,9350.0,8604.72,9128.02,36788798.23
2017-11-27 00:00,9128.02,9654.28,9112.04,9650.0,42510408.37
2017-11-28 00:00,9650.0,9939.0,9570.5,9896.8,47842436.8
2017-11-29 00:00,9896.8,11300.03,8520.0,9687.88,132892125.36
2017-11-30 00:00,9687.88,10900.0,8850.8,9838.96,89443707.91
2017-12-01 00:00,9838.96,10898.0,9380.0,10782.99,61238619.44
2017-12-02 00:00,10782.99,11190.0,10620.0,10890.01,51343786.05
2017-12-03 00:00,10890.01,11825.0,10500.0,11165.41,58847089.26
2017-12-04 00:00,11165.41,11600.0,10802.0,11579.0,52088059.28
2017-12-05 00:00,11579.0,11853.0,11447.68,11699.99,64256817.15
2017-12-06 00:00,11699.99,13615.23,11665.58,13550.05,82493149.76
2017-12-07 00:00,13550.05,16649.96,13050.0,16599.0,106276261.15
2017-12-08 00:00,16599.0,17204.99,14015.0,15880.0,267790028.46
2017-12-09 00:00,15880.0,16269.3,12535.0,14656.07,202610478.58
2017-12-10 00:00,14656.07,15720.12,12368.0,14899.98,227450819.89
2017-12-11 00:00,14899.98,17470.0,14899.98,16587.97,189991754.64
2017-12-12 00:00,16587.97,16976.45,15875.0,16349.99,153618681.17
2017-12-13 00:00,16349.99,16546.0,14666.56,16033.29,193659309.9
2017-12-14 00:00,16033.29,16445.0,15450.0,16334.98,179714368.68
2017-12-15 00:00,16334.98,17991.0,16298.45,17539.83,156645098.58
2017-12-16 00:00,17539.83,19539.0,17190.01,19102.66,74736577.26
2017-12-17 00:00,19102.66,19798.68,18510.0,18860.02,172113390.51
2017-12-18 00:00,18860.02,19300.0,17029.98,18856.25,190057336.85
2017-12-18 00:00,18860.04,19300.0,17029.98,18856.25,196339245.745198
2017-12-19 00:00,18856.25,18950.0,16300.0,17295.2,232790625.92336664
2017-12-20 00:00,17295.2,17720.35,14777.66,16488.98,221193892.50223887
2017-12-21 00:00,16480.52,17309.5,14022.0,15492.64,320176825.29037607
2017-12-22 00:00,15514.03,15699.34,10961.0,13326.61,477509934.71828645
2017-12-23 00:00,13326.61,14950.0,12978.18,13300.0,184759685.33206663
2017-12-24 00:00,13300.0,13819.99,11640.0,13500.0,365709589.60302895
2017-12-25 00:00,13500.0,14300.0,12708.0,13699.34,213139657.6289145
2017-12-26 00:00,13699.34,16050.0,13533.0,15689.01,224843731.89656883
2017-12-27 00:00,15709.98,16498.05,14200.15,15459.99,231229932.48204055
2017-12-28 00:00,15459.97,15539.99,13150.0,14182.11,303401227.98652
2017-12-29 00:00,14199.14,14981.0,13850.0,14378.9,260911629.21807677
2017-12-30 00:00,14378.99,14398.85,11750.0,12440.01,247803953.75248587
2017-12-31 00:00,12345.1,14050.11,12149.98,13716.36,155283285.36704132
2018-01-01 00:00,13715.65,13818.55,12750.0,13380.0,114799747.44197056
2018-01-02 00:00,13382.16,15473.49,12890.02,14675.11,279717107.4337192
2018-01-03 00:00,14690.0,15307.56,14150.0,14919.51,236116868.33619007
2018-01-04 00:00,14919.51,15280.0,13918.04,15059.54,312781583.79830784
2018-01-05 00:00,15059.56,17176.24,14600.0,16960.39,369321956.4868375
2018-01-06 00:00,16960.39,17143.13,16011.21,17069.79,309216920.9864104
2018-01-07 00:00,17069.79,17099.96,15610.0,16150.03,206194706.37068355
2018-01-08 00:00,16218.85,16322.3,12812.0,14902.54,396569997.15746266
2018-01-09 00:00,14902.54,15500.0,14011.05,14400.0,210630187.45766863
2018-01-10 00:00,14401.0,14955.66,13131.31,14907.09,244011366.763028
2018-01-11 00:00,14940.0,14968.68,11400.0,13238.78,446587594.6937379
2018-01-12 00:00,13238.76,14109.78,12500.0,13740.01,222516076.27145907
2018-01-13 00:00,13749.95,14580.0,13706.15,14210.0,173086488.54788405
2018-01-14 00:00,14210.0,14339.5,12569.2,13474.99,226525305.12938112
2018-01-15 00:00,13477.98,14249.99,13147.79,13539.93,200614554.538343
2018-01-16 00:00,13500.0,13542.93,9035.0,10900.0,722150828.1494024
2018-01-17 00:00,10899.99,11680.99,9037.94,10988.79,744154180.1312059
2018-01-18 00:00,10972.59,11878.82,10435.33,10961.97,541289614.0584047
2018-01-19 00:00,10960.0,11795.0,10360.0,11474.98,382773499.2265792
2018-01-20 00:00,11474.98,13099.0,11412.45,12799.94,358561107.78097045
2018-01-21 00:00,12799.8,12799.8,10965.0,11530.0,485289230.8188924
2018-01-22 00:00,11530.0,11926.35,9900.24,10760.05,475716514.20869696
2018-01-23 00:00,10760.05,11399.0,9905.0,10799.18,399419413.2329807
2018-01-24 00:00,10799.14,11570.48,10500.0,11349.99,299470607.4302002
2018-01-25 00:00,11349.96,11794.05,10950.21,11175.27,236081364.97365227
2018-01-26 00:00,11184.7,11643.0,10311.15,11089.0,360482470.17375433
2018-01-27 00:00,11089.0,11650.0,10842.69,11491.0,212663199.53348225
2018-01-28 00:00,11499.98,12244.0,11408.0,11879.95,200211582.9434541
2018-01-29 00:00,11879.95,11975.02,11139.55,11251.0,162110154.87880376
2018-01-30 00:00,11250.11,11308.42,9900.0,10237.51,268978329.50861526
2018-01-31 00:00,10230.0,10425.85,9700.0,10285.1,181644207.11316264
2018-02-01 00:00,10285.1,10335.0,8750.99,9224.52,317636345.9843711
2018-02-02 00:00,9224.52,9250.0,8010.02,8873.03,434236483.7044874
2018-02-03 00:00,8873.03,9473.01,8229.0,9199.96,256834729.0599109
2018-02-04 00:00,9199.96,9368.0,7930.0,8184.81,274912288.421322
2018-02-05 00:00,8179.99,8382.8,6625.0,6939.99,471166218.7134473
2018-02-06 00:00,6939.63,7878.0,6000.01,7652.14,684364276.3666689
2018-02-07 00:00,7655.02,8476.0,7150.01,7599.0,477935038.8117769
2018-02-08 00:00,7599.0,7844.0,7572.09,7784.02,11770168.04386595
2018-02-09 00:00,7789.9,8738.0,7789.9,8683.92,173348469.81187892
2018-02-10 00:00,8683.93,9065.78,8120.0,8533.98,423411421.93098
2018-02-11 00:00,8533.99,8549.0,7726.53,8063.88,366966437.2498885
2018-02-12 00:00,8063.82,8989.0,8053.0,8903.0,362440826.9943769
2018-02-13 00:00,8903.0,8950.0,8351.0,8539.9,305165143.6969234
2018-02-14 00:00,8535.17,9489.6,8533.0,9449.99,370126692.728233
2018-02-15 00:00,9449.98,10219.5,9301.5,10000.09,512388484.73178285
2018-02-16 00:00,10000.89,10323.37,9666.0,10159.98,381103299.2238848
2018-02-17 00:00,10156.07,11075.07,10050.0,11039.55,446012696.1692673
2018-02-18 00:00,11039.55,11274.0,10080.0,10383.43,649423311.3100228
2018-02-19 00:00,10375.01,11250.0,10270.33,11153.0,443766562.68306607
2018-02-20 00:00,11147.11,11786.01,11100.59,11200.99,551573232.2429588
2018-02-21 00:00,11195.07,11304.03,10200.0,10437.6,731537130.492186
2018-02-22 00:00,10439.02,10933.44,9679.0,9811.04,682006373.869588
2018-02-23 00:00,9815.55,10435.0,9570.19,10131.04,571800753.4709765
2018-02-24 00:00,10131.04,10496.97,9352.0,9694.51,405618586.64803785
2018-02-25 00:00,9694.51,9847.0,9274.8,9590.0,271286599.1260862
2018-02-26 00:00,9590.0,10444.32,9350.0,10324.0,347559259.73845184
2018-02-27 00:00,10321.0,10870.0,10121.0,10569.04,324295371.1414657
2018-02-28 00:00,10584.33,11098.0,10300.0,10326.76,327914696.13067526
2018-03-01 00:00,10325.64,11060.41,10240.0,10920.0,268172535.3811293
2018-03-02 00:00,10923.36,11200.0,10770.0,11039.0,262936307.0078576
2018-03-03 00:00,11038.99,11544.0,11015.01,11464.48,241749497.9024717
2018-03-04 00:00,11464.47,11565.0,11050.02,11515.0,194849579.12502077
2018-03-05 00:00,11515.0,11710.0,11415.01,11454.0,174866951.39806527
2018-03-06 00:00,11455.0,11455.0,10555.48,10716.48,323842216.64859617
2018-03-07 00:00,10716.48,10899.0,9389.31,9910.0,514808033.4879209
2018-03-08 00:00,9910.0,10099.0,9060.0,9271.64,394641280.63843673
2018-03-09 00:00,9267.07,9410.0,8329.0,9227.0,567082901.1319405
2018-03-10 00:00,9230.0,9490.0,8667.07,8770.22,341210248.41481787
2018-03-11 00:00,8770.22,9740.0,8450.0,9533.57,403491260.9275316
2018-03-12 00:00,9533.57,9888.88,8780.0,9131.34,395562731.86503726
2018-03-13 00:00,9131.34,9474.0,8823.0,9150.0,367353984.7132836
2018-03-14 00:00,9151.92,9333.78,7900.28,8170.0,426058009.75594646
2018-03-15 00:00,8184.01,8430.0,7650.0,8240.98,422130717.47310126
2018-03-16 00:00,8240.98,8611.64,7900.0,8260.0,322355002.16519487
2018-03-17 00:00,8260.0,8348.62,7721.99,7824.8,265973111.6176285
2018-03-18 00:00,7824.01,8317.4,7322.0,8189.99,458311733.5188204
2018-03-19 00:00,8189.0,8705.23,8088.4,8600.0,462654338.98212785
2018-03-20 00:00,8595.01,9050.0,8280.0,8909.98,387879393.4706143
2018-03-21 00:00,8909.96,9177.01,8750.6,8885.0,358157473.3612324
2018-03-22 00:00,8884.82,9100.0,8465.1,8722.9,354804129.3433086
2018-03-23 00:00,8720.0,8909.0,8269.0,8898.03,340755592.544531
2018-03-24 00:00,8898.04,8999.95,8491.0,8546.86,313254829.9051367
2018-03-25 00:00,8531.25,8669.85,8365.77,8470.15,247023172.30795503
2018-03-26 00:00,8470.14,8514.89,7831.0,8134.23,358429758.8731952
2018-03-27 00:00,8134.22,8215.94,7730.0,7795.51,297609656.4404365
2018-03-28 00:00,7795.51,8109.0,7728.0,7949.3,209186093.18317956
2018-03-29 00:00,7949.3,7975.0,6941.11,7090.14,405591158.6323181
2018-03-30 00:00,7090.16,7292.43,6600.1,6840.23,450352009.170998
2018-03-31 00:00,6840.24,7223.36,6777.0,6923.91,258341534.47236213
2018-04-01 00:00,6922.0,7049.98,6430.0,6813.01,297470498.81956285
2018-04-02 00:00,6813.01,7125.0,6765.0,7056.0,224322159.41331607
2018-04-03 00:00,7063.97,7520.0,7011.01,7405.21,277080072.7617128
2018-04-04 00:00,7405.21,7427.52,6707.0,6796.1,297443582.7461225
2018-04-05 00:00,6796.1,6902.0,6566.69,6770.76,263446941.1321242
2018-04-06 00:00,6770.0,6850.0,6500.0,6601.39,182139799.80865908
2018-04-07 00:00,6601.39,7070.0,6586.28,6895.8,222323863.54144785
2018-04-08 00:00,6895.81,7109.13,6880.0,7018.0,149967346.66269
2018-04-09 00:00,7011.04,7185.0,6611.0,6782.72,234309953.7503344
2018-04-10 00:00,6781.55,6890.0,6656.0,6843.9,151417844.2663968
2018-04-11 00:00,6839.56,6990.0,6787.0,6953.79,165264003.41270605
2018-04-12 00:00,6953.78,8012.23,6743.2,7923.0,485176252.48933566
2018-04-13 00:00,7922.99,8233.39,7732.0,7877.41,439884522.7119489
2018-04-14 00:00,7877.48,8186.0,7810.0,7999.01,252868761.32061628
2018-04-15 00:00,8004.0,8429.54,7999.02,8355.0,230287099.58430216
2018-04-16 00:00,8355.07,8419.0,7867.0,8064.92,295817536.4749528
2018-04-17 00:00,8064.92,8173.7,7825.4,7885.02,258221765.57371348
2018-04-18 00:00,7890.96,8236.43,7868.0,8173.0,217649160.11017892
2018-04-19 00:00,8173.99,8296.0,8080.0,8278.0,222675105.7884542
2018-04-20 00:00,8273.84,8930.0,8177.09,8856.98,337288580.42571294
2018-04-21 00:00,8852.12,9035.0,8565.0,8915.31,358915978.10403395
2018-04-22 00:00,8915.31,9020.67,8727.68,8787.02,261804372.9093471
2018-04-23 00:00,8785.7,8985.0,8745.0,8934.01,229754640.59668773
2018-04-24 00:00,8934.0,9731.01,8922.0,9619.99,431210048.0625035
2018-04-25 00:00,9618.96,9759.82,8730.0,8869.99,745137762.9688668
2018-04-26 00:00,8869.99,9307.48,8651.62,9266.0,385046648.1378661
2018-04-27 00:00,9267.03,9395.0,8889.0,8915.35,342805674.55176014
2018-04-28 00:00,8915.35,9427.48,8870.0,9348.0,321653866.2001887
2018-04-29 00:00,9348.0,9570.51,9163.74,9419.0,357004895.9636862
2018-04-30 00:00,9417.04,9458.64,9124.99,9246.01,325019389.2499412
2018-05-01 00:00,9246.01,9248.99,8800.49,9071.48,368688349.6216845
2018-05-02 00:00,9071.48,9268.0,8970.2,9247.84,238421833.7581133
2018-05-03 00:00,9247.81,9844.0,9168.4,9750.0,366028365.2271445
2018-05-04 00:00,9750.0,9830.04,9520.85,9713.99,277565997.63316435
2018-05-05 00:00,9714.0,10020.0,9682.0,9864.0,246807563.50646487
2018-05-06 00:00,9863.99,9970.0,9417.03,9659.01,267359420.30359015
2018-05-07 00:00,9661.02,9689.67,9181.0,9365.0,316015961.44182944
2018-05-08 00:00,9365.0,9475.7,9060.54,9187.56,236418155.68693513
2018-05-09 00:00,9178.0,9390.0,8965.0,9310.0,235736782.28825977
2018-05-10 00:00,9310.0,9395.12,8970.0,9002.2,231595002.59561664
2018-05-11 00:00,9002.21,9016.8,8341.0,8400.0,418859806.4816156
2018-05-12 00:00,8405.94,8646.88,8153.0,8465.94,337899865.8601308
2018-05-13 00:00,8475.44,8763.36,8298.0,8679.71,219455683.08035553
2018-05-14 00:00,8679.71,8879.99,8277.0,8663.34,320583612.23009104
2018-05-15 00:00,8663.37,8859.99,8401.3,8462.0,242341031.0616692
2018-05-16 00:00,8462.0,8488.0,8083.01,8330.0,257056552.43007565
2018-05-17 00:00,8330.0,8464.0,7979.0,8041.46,209489039.34104192
2018-05-18 00:00,8038.82,8273.21,7911.9,8239.81,189870380.85778692
2018-05-19 00:00,8238.01,8390.8,8095.73,8233.49,141878775.40909585
2018-05-20 00:00,8233.49,8609.0,8163.9,8526.98,167440553.7493928
2018-05-21 00:00,8526.97,8595.31,8305.0,8381.24,181750674.82134953
2018-05-22 00:00,8386.89,8400.18,7935.11,7977.11,194335432.4375409
2018-05-23 00:00,7977.12,8031.9,7425.0,7501.95,331238049.64074606
2018-05-24 00:00,7501.95,7730.73,7266.99,7575.01,284286378.50810045
2018-05-25 00:00,7578.99,7649.55,7308.15,7457.0,199749585.9695036
2018-05-26 00:00,7456.99,7620.0,7300.0,7333.96,145636226.4590289
2018-05-27 00:00,7334.0,7400.0,7231.11,7338.99,136710618.49801704
2018-05-28 00:00,7338.99,7437.0,7058.02,7099.0,196788994.26580808
2018-05-29 00:00,7099.0,7540.0,7032.95,7461.29,288070643.9128678
2018-05-30 00:00,7467.98,7569.0,7260.5,7375.96,237956894.04949045
2018-05-31 00:00,7382.07,7699.0,7327.51,7485.01,231017579.83413267
2018-06-01 00:00,7485.01,7608.55,7355.54,7521.01,211458512.1230823
2018-06-02 00:00,7521.01,7697.33,7437.0,7640.03,203370447.69065264
2018-06-03 00:00,7636.81,7786.69,7600.0,7714.26,211737376.85348508
2018-06-04 00:00,7714.26,7760.52,7446.5,7487.0,244167051.18701583
2018-06-05 00:00,7487.0,7679.49,7358.0,7625.0,237722147.65258065
2018-06-06 00:00,7626.64,7699.0,7467.05,7658.84,207006657.7801965
2018-06-07 00:00,7658.79,7765.0,7620.0,7691.08,192949056.8419996
2018-06-08 00:00,7691.08,7703.5,7531.0,7603.44,178204158.39968467
2018-06-09 00:00,7603.44,7683.98,7450.0,7491.73,147171153.412775
2018-06-10 00:00,7491.73,7491.73,6622.81,6764.99,367338754.56308055
2018-06-11 00:00,6765.0,6922.0,6610.0,6872.0,233056682.85777128
2018-06-12 00:00,6872.0,6890.51,6435.0,6530.0,245787800.8012235
2018-06-13 00:00,6530.0,6627.6,6118.68,6292.78,295395681.6623412
2018-06-14 00:00,6292.78,6720.0,6260.0,6635.98,289074808.78413
2018-06-15 00:00,6638.67,6666.66,6362.31,6388.9,196192096.14553955
2018-06-16 00:00,6380.01,6560.0,6320.86,6483.98,143760033.69408152
2018-06-17 00:00,6482.5,6589.03,6422.0,6449.61,129120718.76299886
2018-06-18 00:00,6444.06,6794.38,6380.0,6712.46,208570443.95997888
2018-06-19 00:00,6711.39,6841.74,6653.0,6741.21,163420093.794135
2018-06-20 00:00,6740.0,6817.23,6551.81,6761.51,175935335.65057912
2018-06-21 00:00,6763.21,6795.0,6672.57,6718.84,171149859.23602843
2018-06-22 00:00,6717.69,6733.97,5918.94,6045.0,327460666.9145165
2018-06-23 00:00,6045.92,6260.0,6008.48,6149.98,162755765.84514263
2018-06-24 00:00,6149.98,6259.8,5750.0,6136.97,284095336.0578902
2018-06-25 00:00,6137.95,6350.0,6061.97,6252.0,242859915.8036461
2018-06-26 00:00,6252.0,6272.54,6035.0,6070.78,119676555.56449406
2018-06-27 00:00,6065.89,6190.43,5971.0,6133.73,117103011.80356833
2018-06-28 00:00,6134.73,6173.01,5827.0,5853.98,185247010.87925187
2018-06-29 00:00,5851.01,6300.0,5780.0,6197.92,201409363.91549844
2018-06-30 00:00,6197.92,6528.99,6186.03,6390.07,241568568.0310778
2018-07-01 00:00,6391.08,6441.06,6251.0,6356.81,175096501.49486908
2018-07-02 00:00,6360.82,6685.0,6271.62,6615.29,235524330.64865333
2018-07-03 00:00,6615.29,6679.35,6463.01,6513.86,254550438.13768885
2018-07-04 00:00,6511.01,6784.92,6441.11,6586.98,156277884.33011597
2018-07-05 00:00,6585.53,6712.0,6453.33,6529.2,230809190.30740517
2018-07-06 00:00,6529.2,6648.54,6425.0,6609.78,192230903.67599213
2018-07-07 00:00,6609.79,6818.16,6508.88,6756.98,158034155.17779145
2018-07-08 00:00,6753.48,6780.0,6667.44,6712.1,165941351.79836008
2018-07-09 00:00,6712.1,6802.06,6612.24,6662.12,179250573.66648534
2018-07-10 00:00,6662.78,6681.0,6263.0,6296.91,249099760.1897497
2018-07-11 00:00,6296.91,6406.0,6278.99,6378.07,182357469.02807087
2018-07-12 00:00,6378.07,6380.28,6070.0,6250.57,194325733.7875043
2018-07-13 00:00,6251.4,6350.0,6110.0,6214.57,164467999.80925834
2018-07-14 00:00,6214.57,6335.0,6178.0,6251.99,110959488.24719918
2018-07-15 00:00,6250.9,6395.0,6225.4,6353.01,145409822.7448766
2018-07-16 00:00,6354.15,6747.3,6330.4,6723.35,237104112.45049536
2018-07-17 00:00,6723.33,7468.99,6652.04,7317.44,364669305.0369064
2018-07-18 00:00,7317.44,7588.08,7225.38,7381.9,440669913.2083524
2018-07-19 00:00,7381.88,7576.28,7270.0,7466.21,305198281.13948625
2018-07-20 00:00,7468.86,7700.0,7273.0,7337.53,342862693.0959096
2018-07-21 00:00,7337.47,7458.47,7211.0,7398.78,212126417.2287315
2018-07-22 00:00,7399.25,7582.4,7335.5,7394.79,225619234.83744207
2018-07-23 00:00,7394.78,7833.0,7375.0,7721.01,320156546.58240986
2018-07-24 00:00,7721.65,8486.0,7696.0,8397.24,487117211.68189824
2018-07-25 00:00,8397.24,8491.77,8050.0,8175.64,398119757.80385005
2018-07-26 00:00,8175.63,8315.69,7850.06,7920.0,352101207.6799552
2018-07-27 00:00,7920.0,8285.0,7805.0,8188.57,350881696.75270694
2018-07-28 00:00,8188.57,8246.54,8067.0,8225.04,214357817.0314018
2018-07-29 00:00,8225.04,8294.51,8115.0,8211.0,209564023.05224952
2018-07-30 00:00,8210.99,8273.0,7866.0,8173.92,321599782.180698
2018-07-31 00:00,8171.4,8180.0,7633.0,7730.93,379841367.2024023
2018-08-01 00:00,7735.67,7750.0,7430.0,7604.58,322252070.44348675
2018-08-02 00:00,7600.08,7709.46,7455.72,7525.71,285656680.7015636
2018-08-03 00:00,7525.71,7540.0,7282.44,7418.78,330599837.7285522
2018-08-04 00:00,7412.27,7494.81,6926.0,7009.84,262282965.4857332
2018-08-05 00:00,7009.84,7089.87,6882.29,7024.19,229992627.52322164
2018-08-06 00:00,7024.19,7160.0,6821.0,6934.82,229071781.11536673
2018-08-07 00:00,6935.0,7150.46,6670.0,6720.06,316365882.1031662
2018-08-08 00:00,6720.63,6721.54,6123.0,6285.0,382460776.49398136
2018-08-09 00:00,6283.27,6622.81,6178.6,6529.79,332880900.89059937
2018-08-10 00:00,6529.79,6575.88,6026.39,6144.01,374699380.94849145
2018-08-11 00:00,6148.13,6488.0,5971.0,6232.35,291056267.0892287
2018-08-12 00:00,6222.55,6472.3,6130.0,6308.33,243227298.87942725
2018-08-13 00:00,6308.56,6545.0,6145.04,6246.35,341552293.0073
2018-08-14 00:00,6248.25,6250.33,5880.0,6188.08,303179556.3624503
2018-08-15 00:00,6188.08,6609.0,6172.11,6267.16,439109005.4034304
2018-08-16 00:00,6265.27,6480.0,6205.6,6311.75,307755605.1624039
2018-08-17 00:00,6316.0,6585.0,6285.4,6584.49,374472431.7235812
2018-08-18 00:00,6579.04,6620.0,6288.0,6387.96,345964004.3657212
2018-08-19 00:00,6387.96,6541.0,6300.0,6477.53,289271954.5532653
2018-08-20 00:00,6477.53,6530.0,6220.0,6254.84,317617945.7492608
2018-08-21 00:00,6251.0,6500.0,6235.08,6480.0,265458342.7817206
2018-08-22 00:00,6479.98,6882.54,6251.2,6360.89,512501182.2029021
2018-08-23 00:00,6362.57,6576.99,6342.28,6525.01,259786384.55491504
2018-08-24 00:00,6525.0,6725.0,6440.5,6681.64,251513064.47447148
2018-08-25 00:00,6686.98,6789.0,6650.61,6733.64,129083702.47542232
2018-08-26 00:00,6733.64,6775.27,6568.0,6700.0,134117930.3957502
2018-08-27 00:00,6700.0,6940.51,6646.5,6908.64,254214730.3171242
2018-08-28 00:00,6907.26,7135.0,6860.0,7076.11,338220284.29016566
2018-08-29 00:00,7077.0,7133.81,6912.34,7031.22,304565438.4850058
2018-08-30 00:00,7033.21,7063.63,6784.81,6984.84,309357226.58362526
2018-08-31 00:00,6984.84,7089.0,6888.0,7011.21,282722730.06131953
2018-09-01 00:00,7011.21,7275.0,7008.74,7200.01,287299347.7691456
2018-09-02 00:00,7201.57,7345.45,7127.0,7302.01,288526018.71327895
2018-09-03 00:00,7302.0,7338.28,7191.63,7263.02,235393601.4251404
2018-09-04 00:00,7263.0,7410.0,7227.17,7359.06,258978411.271086
2018-09-05 00:00,7359.05,7397.3,6682.0,6700.0,449463489.0579976
2018-09-06 00:00,6697.27,6725.0,6265.0,6516.01,390391932.2091176
2018-09-07 00:00,6516.84,6544.0,6320.0,6395.54,250716129.90518975
2018-09-08 00:00,6395.54,6478.0,6111.0,6185.05,241711345.37120345
2018-09-09 00:00,6185.06,6441.0,6141.53,6250.81,233583450.10542047
2018-09-10 00:00,6252.26,6373.98,6221.0,6312.0,204178349.9698747
2018-09-11 00:00,6311.99,6404.0,6169.68,6294.91,208346648.80045933
2018-09-12 00:00,6293.0,6360.0,6192.37,6338.62,197398009.0125667
2018-09-13 00:00,6338.62,6535.0,6337.4,6487.38,260985165.19184464
2018-09-14 00:00,6487.39,6584.99,6385.62,6476.63,241466662.64800572
2018-09-15 00:00,6476.63,6565.45,6466.13,6514.96,164557841.0798692
2018-09-16 00:00,6514.96,6524.62,6370.0,6505.0,178614079.15149954
2018-09-17 00:00,6500.08,6533.84,6201.0,6248.69,228970700.75042212
2018-09-18 00:00,6248.69,6390.0,6224.98,6336.45,205736329.40707865
2018-09-19 00:00,6336.39,6517.7,6123.0,6391.89,247455364.5237956
2018-09-20 00:00,6392.0,6540.0,6325.0,6492.0,161844271.63360685
2018-09-21 00:00,6492.0,6784.86,6491.0,6759.02,345746941.9999864
2018-09-22 00:00,6759.01,6839.03,6627.0,6723.05,197210670.89197847
2018-09-23 00:00,6723.05,6788.23,6661.75,6708.0,203479219.38640648
2018-09-24 00:00,6706.81,6730.0,6557.0,6581.39,234355999.54311827
2018-09-25 00:00,6581.42,6584.01,6325.02,6447.54,258927200.8310643
2018-09-26 00:00,6445.11,6557.99,6379.7,6465.12,216859675.30134344
2018-09-27 00:00,6467.84,6750.0,6434.0,6689.13,216914853.24175173
2018-09-28 00:00,6689.12,6814.8,6540.88,6634.58,283144987.50423056
2018-09-29 00:00,6634.58,6636.0,6464.57,6596.38,198424303.60660568
2018-09-30 00:00,6597.66,6662.0,6533.0,6626.57,183438992.37719536
2018-10-01 00:00,6626.57,6667.09,6510.0,6611.61,136115256.9683068
2018-10-02 00:00,6610.0,6640.0,6494.0,6525.79,185725492.2802391
2018-10-03 00:00,6525.79,6549.0,6430.0,6510.0,184622957.0249073
2018-10-04 00:00,6510.01,6643.46,6505.09,6593.79,132348680.67600606
2018-10-05 00:00,6591.69,6697.0,6543.08,6635.65,106264514.65757656
2018-10-06 00:00,6635.65,6651.0,6566.77,6594.27,72247942.41429408
2018-10-07 00:00,6596.44,6640.0,6525.0,6615.26,114489082.7536428
2018-10-08 00:00,6615.26,6715.6,6587.0,6673.01,153704602.4302414
2018-10-09 00:00,6673.01,6685.38,6607.0,6656.61,102115186.42882323
2018-10-10 00:00,6656.67,6659.95,6530.0,6631.0,101609680.88217255
2018-10-11 00:00,6630.21,6633.92,6205.0,6252.68,308153124.4458242
2018-10-12 00:00,6252.71,6360.0,6209.0,6298.01,183030273.0112748
2018-10-13 00:00,6298.0,6345.0,6285.07,6332.93,120728650.99596693
2018-10-14 00:00,6332.92,6416.0,6308.0,6339.34,99527294.08483064
2018-10-15 00:00,6339.34,7680.0,6300.0,6752.5,627984505.5555727
2018-10-16 00:00,6752.5,6900.0,6670.0,6759.27,186122772.22286084
2018-10-17 00:00,6762.76,6811.12,6676.01,6740.89,179641733.16423723
2018-10-18 00:00,6739.01,6796.0,6567.0,6618.96,134777360.1544343
2018-10-19 00:00,6618.96,6648.14,6523.0,6528.88,136686215.6690547
2018-10-20 00:00,6528.88,6617.65,6505.55,6588.4,126325797.49570584
2018-10-21 00:00,6585.72,6663.9,6580.0,6590.11,43146401.58918715
2018-10-22 00:00,6590.12,6639.0,6535.27,6581.2,106815019.55165032
2018-10-23 00:00,6581.2,6595.0,6515.45,6553.51,90969791.0251596
2018-10-24 00:00,6553.51,6630.0,6547.53,6565.5,78795617.02141578
2018-10-25 00:00,6566.81,6575.09,6502.8,6528.09,67691945.44596253
2018-10-26 00:00,6528.13,6600.0,6515.01,6538.63,61792487.79642334
2018-10-27 00:00,6538.63,6558.35,6463.04,6505.6,50667220.04441258
2018-10-28 00:00,6505.6,6514.17,6453.0,6489.93,37298357.26271342
2018-10-29 00:00,6489.93,6505.01,6315.0,6344.5,88484721.03624511
2018-10-30 00:00,6344.5,6395.0,6317.01,6330.87,56393439.18288881
2018-10-31 00:00,6330.01,6428.0,6245.02,6371.93,76970488.28166042
2018-11-01 00:00,6369.52,6442.65,6348.66,6410.0,58031686.8315247
2018-11-02 00:00,6410.0,6460.34,6388.2,6433.98,62589428.22024873
2018-11-03 00:00,6432.8,6439.97,6345.0,6387.09,48934237.93991929
2018-11-04 00:00,6388.0,6525.0,6359.0,6485.85,68169573.18695
2018-11-05 00:00,6485.85,6504.39,6431.02,6468.99,58127213.13931594
2018-11-06 00:00,6468.99,6531.31,6445.18,6519.11,77336101.18719475
2018-11-07 00:00,6522.73,6615.15,6509.0,6578.46,93820576.63463956
2018-11-08 00:00,6578.46,6594.0,6468.22,6479.84,86450363.67835227
2018-11-09 00:00,6479.84,6511.53,6391.01,6419.99,75997777.50255908
2018-11-10 00:00,6419.99,6475.55,6411.0,6433.05,49745307.64123968
2018-11-11 00:00,6435.16,6462.14,6355.0,6449.81,52709099.31784609
2018-11-12 00:00,6450.71,6497.0,6421.0,6453.07,65390882.14088421
2018-11-13 00:00,6451.68,6498.0,6391.15,6457.66,76142983.15196352
2018-11-14 00:00,6458.98,6482.84,5656.87,5922.41,279632622.8943677
2018-11-15 00:00,5917.2,5939.54,5403.42,5753.4,270133503.66131264
2018-11-16 00:00,5757.09,5782.89,5549.25,5655.94,219097215.966752
2018-11-17 00:00,5650.57,5656.6,5565.43,5628.29,148072393.10210443
2018-11-18 00:00,5630.49,5738.17,5617.0,5662.0,134893236.9862243
2018-11-19 00:00,5661.94,5664.0,4855.0,4910.03,368688743.45440894
2018-11-20 00:00,4913.4,5048.24,4326.0,4558.86,548036628.7293574
2018-11-21 00:00,4559.91,4787.2,4413.85,4661.07,281264433.4846592
2018-11-22 00:00,4661.08,4721.77,4335.0,4370.0,157459733.72414753
2018-11-23 00:00,4370.9,4484.0,4222.94,4420.61,215283656.11539477
2018-11-24 00:00,4415.63,4527.0,3824.69,3932.44,258702927.69916424
2018-11-25 00:00,3933.68,4233.0,3652.66,4085.78,398253568.5292384
2018-11-26 00:00,4088.69,4206.0,3701.0,3862.2,373225761.8074076
2018-11-27 00:00,3864.45,3940.0,3689.12,3875.21,257593168.12182525
2018-11-28 00:00,3875.63,4394.47,3874.27,4264.85,382697308.297627
2018-11-29 00:00,4262.06,4450.38,4125.65,4295.84,316809038.40988266
2018-11-30 00:00,4295.72,4341.36,3943.0,4041.32,278810574.935784
2018-12-01 00:00,4041.27,4299.99,3963.01,4190.02,186157614.3155972
2018-12-02 00:00,4190.98,4312.99,4103.04,4161.01,162917339.00647366
2018-12-03 00:00,4160.55,4179.0,3827.0,3884.01,195055919.54337287
2018-12-04 00:00,3884.76,4085.0,3781.0,3951.64,191673423.70626593
2018-12-05 00:00,3950.98,3970.0,3745.0,3769.84,169404368.19157183
2018-12-06 00:00,3768.44,3899.99,3500.0,3508.75,254722331.4949405
2018-12-07 00:00,3508.75,3549.99,3224.6,3403.55,322364604.2802089
2018-12-08 00:00,3403.57,3495.0,3222.0,3410.93,187909876.24894735
2018-12-09 00:00,3411.36,3658.0,3394.04,3545.37,161618597.82859048
2018-12-10 00:00,3548.49,3610.0,3370.11,3432.88,142507933.07357892
2018-12-11 00:00,3434.01,3480.0,3324.32,3380.39,121841475.29281934
2018-12-12 00:00,3379.23,3492.0,3350.0,3445.0,116227185.79240072
2018-12-13 00:00,3446.38,3460.0,3255.5,3302.06,134817053.72748312
2018-12-14 00:00,3302.06,3335.39,3177.0,3224.17,145101409.49359843
2018-12-15 00:00,3225.19,3276.5,3156.26,3211.72,95588793.64058843
2018-12-16 00:00,3211.71,3294.0,3186.0,3228.67,80068159.40481837
2018-12-17 00:00,3229.22,3585.0,3216.0,3509.08,228756567.64954677
2018-12-18 00:00,3509.03,3678.59,3424.47,3652.98,216563775.02523196
2018-12-19 00:00,3653.0,3912.73,3622.55,3662.22,352638213.53853136
2018-12-20 00:00,3660.01,4120.0,3635.0,4049.62,399967057.78281647
2018-12-21 00:00,4051.86,4139.99,3764.0,3838.66,325803279.9626696
2018-12-22 00:00,3840.25,3979.0,3785.0,3948.91,165085567.58556616
2018-12-23 00:00,3948.91,4021.53,3870.0,3929.71,158756356.8176238
2018-12-24 00:00,3929.71,4198.0,3924.83,4008.01,264628967.06591076
2018-12-25 00:00,4010.11,4020.0,3646.41,3745.79,235584302.95256105
2018-12-26 00:00,3745.56,3837.15,3656.74,3777.74,159705204.50415567
2018-12-27 00:00,3777.74,3813.98,3535.0,3567.91,161915849.87310502
2018-12-28 00:00,3567.89,3887.25,3540.04,3839.26,170638519.2472785
2018-12-29 00:00,3839.0,3892.0,3670.0,3695.32,148205200.1077372
2018-12-30 00:00,3696.71,3903.5,3657.9,3801.91,124966229.52022897
2018-12-31 00:00,3803.12,3810.0,3630.33,3702.9,111847216.11708207
2019-01-01 00:00,3701.23,3810.16,3642.0,3797.14,88149249.09230462
2019-01-02 00:00,3796.45,3882.14,3750.45,3858.56,133876627.2465106
2019-01-03 00:00,3857.57,3862.74,3730.0,3766.78,111657372.69526468
2019-01-04 00:00,3767.2,3823.64,3703.57,3792.01,111034550.64066195
2019-01-05 00:00,3790.09,3840.99,3751.0,3770.96,115893501.27515878
2019-01-06 00:00,3771.12,4027.71,3740.0,3987.6,142198812.18914708
2019-01-07 00:00,3987.62,4017.9,3921.53,3975.45,126830380.4928724
2019-01-08 00:00,3976.76,4069.8,3903.0,3955.13,154778846.54236615
2019-01-09 00:00,3955.45,4006.81,3930.04,3966.65,115218950.31554872
2019-01-10 00:00,3966.06,3996.01,3540.0,3585.88,221789348.03469807
2019-01-11 00:00,3585.88,3658.0,3465.0,3601.31,137560743.6248598
2019-01-12 00:00,3601.31,3618.19,3530.0,3583.13,78908770.67658037
2019-01-13 00:00,3584.1,3611.1,3441.3,3476.81,92882249.46737902
2019-01-14 00:00,3477.56,3671.87,3467.02,3626.09,125631820.06705056
2019-01-15 00:00,3626.08,3648.42,3516.62,3553.06,122785440.2288754
2019-01-16 00:00,3553.06,3645.0,3543.51,3591.84,98504455.20666537
2019-01-17 00:00,3591.84,3634.7,3530.39,3616.21,106709136.97324342
2019-01-18 00:00,3613.32,3620.0,3565.75,3594.87,81699723.54479145
2019-01-19 00:00,3594.87,3720.0,3594.23,3665.3,81354185.90325992
2019-01-20 00:00,3665.75,3693.73,3475.0,3539.28,99767239.95381454
2019-01-21 00:00,3539.26,3559.51,3475.5,3526.9,69316548.76685554
2019-01-22 00:00,3526.88,3608.5,3434.85,3570.93,103804480.11605988
2019-01-23 00:00,3570.41,3607.98,3514.5,3552.82,88816396.34583545
2019-01-24 00:00,3552.97,3589.0,3529.22,3569.62,74037052.86632736
2019-01-25 00:00,3569.07,3587.15,3522.51,3565.29,62634926.45524528
2019-01-26 00:00,3566.69,3662.94,3545.0,3565.25,69841766.64693148
2019-01-27 00:00,3565.62,3579.0,3486.0,3550.84,80743416.84653682
2019-01-28 00:00,3550.05,3557.75,3380.27,3434.15,139258708.7643088
2019-01-29 00:00,3434.0,3443.45,3349.92,3411.04,100542807.46479908
2019-01-30 00:00,3410.04,3478.0,3387.1,3458.18,82521122.86191754
2019-01-31 00:00,3457.5,3489.2,3418.8,3434.1,101928346.97699685
2019-02-01 00:00,3434.1,3488.0,3401.2,3462.07,87075914.2326683
2019-02-02 00:00,3462.2,3526.4,3440.29,3504.77,62134037.97539881
2019-02-03 00:00,3504.06,3511.09,3426.0,3458.11,68801620.06241606
2019-02-04 00:00,3458.11,3484.88,3433.31,3463.22,80024258.22766612
2019-02-05 00:00,3463.22,3478.97,3448.43,3471.59,87491347.06381486
2019-02-06 00:00,3471.57,3482.72,3380.0,3405.37,120500703.0051573
2019-02-07 00:00,3407.0,3426.45,3390.0,3398.4,63611505.78657223
2019-02-08 00:00,3398.4,3733.58,3373.1,3659.04,170118212.46197885
2019-02-09 00:00,3660.27,3680.02,3625.13,3665.18,90488500.0676624
2019-02-10 00:00,3665.18,3684.99,3609.76,3680.06,84696423.96233752
2019-02-11 00:00,3679.75,3684.9,3615.53,3631.05,90731831.90427426
2019-02-12 00:00,3631.05,3667.6,3582.34,3631.46,106766439.99436474
2019-02-13 00:00,3631.51,3670.0,3591.75,3609.4,93350740.94830574
2019-02-14 00:00,3608.34,3626.4,3568.11,3590.56,78367545.57945932
2019-02-15 00:00,3590.57,3653.23,3573.45,3602.47,74938358.18352868
2019-02-16 00:00,3602.49,3648.2,3597.91,3618.41,70894921.80761532
2019-02-17 00:00,3617.22,3700.11,3604.4,3667.58,93426433.13226132
2019-02-18 00:00,3667.62,3925.0,3655.0,3898.6,242898012.76922593
2019-02-19 00:00,3897.35,3994.52,3856.0,3907.79,197091641.04739997
2019-02-20 00:00,3907.35,3986.98,3870.66,3969.74,142571564.56112987
2019-02-21 00:00,3969.74,4016.48,3901.03,3937.31,122714273.87417652
2019-02-22 00:00,3937.31,3988.0,3926.65,3962.0,94739322.74557024
2019-02-23 00:00,3962.0,4162.02,3933.15,4117.76,135782959.41827348
2019-02-24 00:00,4118.0,4198.0,3712.66,3743.56,244146803.51886997
2019-02-25 00:00,3743.56,3872.66,3740.0,3827.92,145285565.2031707
2019-02-26 00:00,3828.44,3841.51,3777.0,3809.23,109932596.10609365
2019-02-27 00:00,3809.31,3838.85,3677.17,3818.07,119564023.12004228
2019-02-28 00:00,3818.04,3888.0,3763.87,3813.69,124703738.39336836
2019-03-01 00:00,3814.26,3857.0,3813.01,3823.0,88851336.5211179
2019-03-02 00:00,3822.17,3841.31,3772.25,3819.93,74175357.77882297
2019-03-03 00:00,3819.97,3835.0,3781.32,3807.75,63791898.99159701
2019-03-04 00:00,3807.32,3830.0,3670.69,3715.3,129739738.23815794
2019-03-05 00:00,3716.1,3877.1,3703.55,3857.73,124945530.76214452
2019-03-06 00:00,3857.58,3907.0,3813.09,3861.84,95417637.5889866
2019-03-07 00:00,3861.84,3905.4,3840.4,3873.64,102585458.38333897
2019-03-08 00:00,3873.63,3932.0,3800.0,3864.89,135000852.01035947
2019-03-09 00:00,3864.88,3971.75,3854.75,3943.04,121353606.96803357
2019-03-10 00:00,3943.43,3943.43,3881.69,3916.82,90693949.72150733
2019-03-11 00:00,3915.99,3936.98,3830.0,3871.61,147721971.09446937
2019-03-12 00:00,3871.61,3905.2,3826.06,3882.73,104393849.44844826
2019-03-13 00:00,3882.69,3893.56,3840.0,3866.0,94680049.46033753
2019-03-14 00:00,3866.0,3920.0,3810.43,3877.12,104673038.77602254
2019-03-15 00:00,3877.12,3939.22,3872.2,3923.76,84919900.71744472
2019-03-16 00:00,3924.46,4056.98,3921.98,4005.98,114227606.40681696
2019-03-17 00:00,4005.98,4012.0,3950.01,3981.14,74893913.05776027
2019-03-18 00:00,3981.85,4037.0,3953.33,3987.81,89526258.38910636
2019-03-19 00:00,3987.83,4031.0,3970.0,4015.53,79503748.36263466
2019-03-20 00:00,4017.48,4050.0,3980.5,4043.04,94019734.23326427
2019-03-21 00:00,4043.04,4069.32,3880.01,3980.64,144010401.50845116
2019-03-22 00:00,3980.85,4008.0,3968.25,3986.93,79861943.8108997
2019-03-23 00:00,3987.89,4018.83,3978.01,4006.01,69169819.8628637
2019-03-24 00:00,4006.01,4006.02,3950.0,3992.18,68524082.74695624
2019-03-25 00:00,3991.35,3999.3,3888.71,3936.12,131507366.37512892
2019-03-26 00:00,3935.47,3958.98,3894.0,3948.55,115330070.99071544
2019-03-27 00:00,3948.77,4048.0,3936.15,4038.05,129681258.0162135
2019-03-28 00:00,4039.58,4039.7,4002.0,4027.81,80822230.57984656
2019-03-29 00:00,4028.22,4123.71,4024.03,4103.25,122585822.5865048
2019-03-30 00:00,4104.24,4140.0,4052.0,4106.97,79853835.581824
2019-03-31 00:00,4106.99,4116.12,4082.57,4103.95,55472147.12701675
2019-04-01 00:00,4102.44,4158.7,4067.0,4144.56,105388238.14788891
2019-04-02 00:00,4144.54,4897.99,4140.54,4857.29,489018726.75750667
2019-04-03 00:00,4857.19,5275.01,4753.5,4932.6,548900970.9178842
2019-04-04 00:00,4932.59,5039.08,4777.0,4898.66,301411332.0090243
2019-04-05 00:00,4898.64,5028.22,4880.62,5004.95,197660830.71096665
2019-04-06 00:00,5004.96,5205.0,4928.59,5043.89,210963411.61313188
2019-04-07 00:00,5042.07,5234.0,5026.0,5170.27,192916750.5719041
2019-04-08 00:00,5170.27,5305.0,5039.0,5236.9,260487077.7675668
2019-04-09 00:00,5238.38,5238.4,5076.68,5150.0,175633627.31637353
2019-04-10 00:00,5150.0,5422.0,5135.0,5308.25,210870034.51205528
2019-04-11 00:00,5307.86,5332.67,4927.0,5017.37,277736905.85749793
2019-04-12 00:00,5017.37,5080.58,4861.22,5048.01,166485761.0793121
2019-04-13 00:00,5047.0,5099.0,5004.0,5045.22,87375984.44461507
2019-04-14 00:00,5047.45,5152.99,5000.0,5131.3,92594930.42710131
2019-04-15 00:00,5131.28,5167.38,4950.0,5024.95,147687551.9414771
2019-04-16 00:00,5024.95,5197.72,5003.94,5173.72,123581651.71216355
2019-04-17 00:00,5173.72,5230.4,5146.8,5202.82,120972345.51821636
2019-04-18 00:00,5202.41,5287.0,5198.8,5258.44,118573129.86520115
2019-04-19 00:00,5258.44,5320.0,5175.0,5258.68,128937309.63806376
2019-04-20 00:00,5258.68,5333.42,5230.1,5291.73,101343660.15324435
2019-04-21 00:00,5292.91,5314.35,5165.0,5256.14,133929931.15068737
2019-04-22 00:00,5257.41,5400.0,5208.35,5357.14,156632202.9709961
2019-04-23 00:00,5357.14,5600.0,5332.41,5493.31,227154061.8577141
2019-04-24 00:00,5490.91,5582.2,5333.35,5415.0,262493252.9358424
2019-04-25 00:00,5415.0,5491.84,5102.0,5219.9,265091565.61466023
2019-04-26 00:00,5220.47,5510.0,5161.62,5314.1,259659705.6513858
2019-04-27 00:00,5315.0,5342.5,5257.67,5295.69,81749716.42174439
2019-04-28 00:00,5295.69,5340.0,5259.48,5307.52,76277087.37424076
2019-04-29 00:00,5309.81,5332.0,5178.8,5238.14,104822151.5144498
2019-04-30 00:00,5238.14,5339.98,5192.15,5320.81,117309839.23079813
2019-05-01 00:00,5321.94,5402.0,5316.2,5383.2,92194935.6047804
2019-05-02 00:00,5383.2,5538.0,5370.0,5492.87,124498567.2076544
2019-05-03 00:00,5494.81,5844.0,5477.57,5772.69,264435878.92811015
2019-05-04 00:00,5770.62,5900.0,5587.45,5829.45,228942582.4507792
2019-05-05 00:00,5829.83,5839.9,5696.0,5775.62,137653160.7660216
2019-05-06 00:00,5773.18,5805.0,5619.14,5747.79,144358553.85462248
2019-05-07 00:00,5749.92,6028.41,5747.74,5846.34,236176663.81792104
2019-05-08 00:00,5846.34,6014.72,5772.2,5987.29,136245255.5572078
2019-05-09 00:00,5986.66,6224.55,5983.71,6209.18,167489934.34358987
2019-05-10 00:00,6209.95,6468.92,6172.0,6373.33,231801342.4320928
2019-05-11 00:00,6375.16,7343.99,6372.85,7076.22,507216001.34340405
2019-05-12 00:00,7076.24,7521.78,6750.0,6967.31,619939454.4896551
2019-05-13 00:00,6968.24,8100.0,6870.0,7790.71,648012612.2927012
2019-05-14 00:00,7795.62,8366.0,7599.56,7947.56,611103206.0032725
2019-05-15 00:00,7945.26,8249.0,7850.0,8169.87,305196285.2755824
2019-05-16 00:00,8169.08,8320.0,7705.0,7866.59,557126171.2789642
2019-05-17 00:00,7868.67,7925.0,6913.0,7355.26,645676487.3744029
2019-05-18 00:00,7355.28,7458.0,7156.61,7257.45,271170511.0509332
2019-05-19 00:00,7257.32,8275.09,7243.08,8148.48,517729474.35844094
2019-05-20 00:00,8147.94,8156.03,7553.0,7938.15,517939277.868858
2019-05-21 00:00,7937.16,8042.32,7771.0,7904.87,413637782.3697456
2019-05-22 00:00,7904.48,8016.0,7465.0,7628.43,384730220.72195166
2019-05-23 00:00,7627.8,7940.98,7461.0,7851.51,381536239.5128484
2019-05-24 00:00,7849.95,8130.0,7766.0,7964.87,371381043.73160255
2019-05-25 00:00,7964.52,8091.8,7908.34,8025.41,227376280.5854076
2019-05-26 00:00,8023.0,8740.0,7833.42,8614.43,409616322.3884788
2019-05-27 00:00,8612.54,8908.32,8589.0,8756.32,452651204.9349024
2019-05-28 00:00,8752.52,8798.49,8510.63,8715.64,273791910.6314759
2019-05-29 00:00,8716.87,8750.0,8406.6,8645.68,292094591.01803863
2019-05-30 00:00,8646.5,9074.26,8005.0,8269.54,603312537.3808434
2019-05-31 00:00,8267.1,8594.0,8108.5,8555.0,373629673.9190144
2019-06-01 00:00,8555.0,8626.0,8442.36,8544.07,272098436.34069574
2019-06-02 00:00,8545.1,8814.78,8524.0,8725.98,241414596.71950516
2019-06-03 00:00,8726.0,8800.95,8080.8,8115.82,387155494.9730488
2019-06-04 00:00,8115.66,8115.66,7481.02,7687.03,582173398.3257968
2019-06-05 00:00,7687.04,7896.7,7572.78,7776.5,377635818.0044095
2019-06-06 00:00,7778.08,7868.13,7444.58,7786.7,282156410.54378915
2019-06-07 00:00,7787.57,8100.0,7737.49,7980.53,269125728.1416496
2019-06-08 00:00,7978.94,8044.65,7751.0,7893.62,179047320.02388045
2019-06-09 00:00,7895.28,7935.0,7506.66,7628.13,243970971.0244344
2019-06-10 00:00,7627.57,8020.0,7511.0,7982.75,287125339.97011447
2019-06-11 00:00,7981.0,8010.0,7692.23,7884.9,238031771.51747337
2019-06-12 00:00,7884.9,8200.0,7788.99,8127.64,333291726.6460002
2019-06-13 00:00,8127.64,8309.82,8010.03,8218.54,248418184.7720466
2019-06-14 00:00,8216.44,8684.41,8144.32,8650.0,333475488.55375946
2019-06-15 00:00,8650.88,8864.99,8567.63,8808.7,276420769.2933853
2019-06-16 00:00,8810.77,9333.0,8760.0,8953.33,574211342.9796603
2019-06-17 00:00,8953.0,9444.0,8950.0,9313.96,441567296.05926627
2019-06-18 00:00,9312.13,9336.36,8950.0,9081.55,470271954.2987056
2019-06-19 00:00,9081.97,9304.0,8960.0,9255.49,293748062.6668488
2019-06-20 00:00,9253.76,9590.0,9175.2,9517.12,323621848.1987617
2019-06-21 00:00,9518.06,10174.99,9518.06,10159.86,494783687.9853515
2019-06-22 00:00,10159.86,11160.0,9921.72,10729.5,1112069567.6381147
2019-06-23 00:00,10729.0,11392.64,10555.18,10906.07,625330374.7466884
2019-06-24 00:00,10905.95,11143.63,10620.8,11056.59,469746663.93811727
2019-06-25 00:00,11056.59,11850.0,11026.0,11820.86,697773986.2691858
2019-06-26 00:00,11821.28,13970.0,11741.0,13093.8,1996178374.594492
2019-06-27 00:00,13098.38,13478.04,10525.1,11329.99,2058443849.314
2019-06-28 00:00,11329.99,12480.0,10982.88,12400.63,1129888341.3212836
2019-06-29 00:00,12407.06,12441.54,11475.02,11903.13,829011822.2365324
2019-06-30 00:00,11903.13,12180.0,10766.03,10854.1,971151050.9005817
2019-07-01 00:00,10854.1,11282.28,10030.0,10624.93,972343281.8603553
2019-07-02 00:00,10624.9,10938.75,9727.0,10842.85,1128353804.8007915
2019-07-03 00:00,10844.98,11991.89,10841.04,11940.0,1097804642.7577736
2019-07-04 00:00,11940.0,12000.0,11055.0,11145.67,775818897.3894848
2019-07-05 00:00,11145.67,11406.83,10796.44,10970.73,705853649.0264896
2019-07-06 00:00,10982.41,11665.0,10964.51,11256.49,585001376.155429
2019-07-07 00:00,11256.45,11538.0,11094.37,11406.24,439439052.9455421
2019-07-08 00:00,11410.0,12338.03,11220.0,12238.6,618530684.4325522
2019-07-09 00:00,12238.6,12794.73,12068.0,12543.41,975986802.0300353
2019-07-10 00:00,12548.51,13147.08,11569.0,12108.37,1369749939.9675035
2019-07-11 00:00,12108.11,12111.73,11000.0,11342.89,1007356802.218256
2019-07-12 00:00,11342.88,11885.0,11073.0,11757.22,649824820.7654814
2019-07-13 00:00,11757.22,11799.98,10830.0,11355.76,614050007.9919451
2019-07-14 00:00,11355.78,11452.0,10103.0,10174.18,777646151.6029468
2019-07-15 00:00,10174.18,11100.0,9860.0,10838.72,851028723.7031858
2019-07-16 00:00,10833.78,11028.0,9350.01,9439.59,982462166.6932294
2019-07-17 00:00,9430.17,9957.0,9060.0,9667.92,809555508.3476789
2019-07-18 00:00,9668.86,10788.0,9252.0,10627.16,807822745.1854327
2019-07-19 00:00,10628.64,10769.71,10121.84,10504.29,589931612.3419864
2019-07-20 00:00,10505.78,11068.99,10350.0,10740.23,505569016.35008293
2019-07-21 00:00,10740.27,10817.9,10288.0,10589.45,409661485.99856466
2019-07-22 00:00,10590.15,10683.16,10100.0,10340.31,421016379.36208767
2019-07-23 00:00,10343.08,10343.97,9822.0,9864.91,478441909.40505725
2019-07-24 00:00,9864.78,9937.0,9525.0,9763.28,422534162.14571214
2019-07-25 00:00,9763.4,10175.0,9720.03,9879.87,378938450.0817674
2019-07-26 00:00,9882.15,9889.98,9637.0,9824.0,265108103.13392133
2019-07-27 00:00,9824.0,10188.66,9333.0,9476.52,424932724.9687315
2019-07-28 00:00,9478.92,9594.99,9165.0,9541.54,278537286.1348134
2019-07-29 00:00,9541.54,9729.0,9395.0,9507.64,277497756.76841676
2019-07-30 00:00,9509.07,9714.28,9402.0,9574.21,310867928.28793913
2019-07-31 00:00,9575.0,10109.8,9555.0,10080.53,389690761.44466114
2019-08-01 00:00,10080.53,10467.86,9863.46,10374.99,422156523.6690079
2019-08-02 00:00,10375.0,10670.0,10281.35,10523.75,450323284.1507597
2019-08-03 00:00,10523.75,10904.77,10497.93,10816.86,363852799.8717801
2019-08-04 00:00,10816.86,11040.0,10552.0,10929.23,431793873.4232976
2019-08-05 00:00,10929.99,11937.52,10927.8,11828.8,757976547.217046
2019-08-06 00:00,11830.0,12330.7,11226.7,11481.69,904119081.6157126
2019-08-07 00:00,11481.69,12141.17,11382.84,11975.03,814597979.050504
2019-08-08 00:00,11975.04,12060.0,11521.0,11999.77,604389131.062836
2019-08-09 00:00,11994.17,12045.68,11700.0,11879.99,467011047.9414285
2019-08-10 00:00,11879.98,11985.0,11270.0,11309.31,492217964.4905557
2019-08-11 00:00,11309.24,11600.0,11112.11,11549.97,304862403.351449
2019-08-12 00:00,11539.08,11577.89,11235.32,11396.08,200325471.60414097
2019-08-13 00:00,11398.35,11456.16,10788.45,10892.71,368994475.5461124
2019-08-14 00:00,10893.36,10897.48,9928.1,10050.37,567724729.1059059
2019-08-15 00:00,10055.16,10460.0,9911.0,10293.93,387705855.0879112
2019-08-16 00:00,10296.77,10536.03,9750.0,10331.54,527258446.3977765
2019-08-17 00:00,10331.15,10465.14,10000.0,10216.02,297776329.0305825
2019-08-18 00:00,10216.05,10500.0,10080.0,10306.78,248508872.4599864
2019-08-19 00:00,10306.17,10930.0,10258.6,10915.54,396233441.0274596
2019-08-20 00:00,10914.73,10949.96,10560.0,10760.51,346664453.1367265
2019-08-21 00:00,10760.51,10804.13,9858.0,10142.57,482889274.517917
2019-08-22 00:00,10140.82,10242.0,9762.0,10099.88,341371442.9068388
2019-08-23 00:00,10099.9,10445.0,10019.79,10389.55,282732431.7520724
2019-08-24 00:00,10388.16,10419.42,9890.0,10134.35,279962133.6257099
2019-08-25 00:00,10134.61,10333.0,9906.97,10142.69,265132761.31704283
2019-08-26 00:00,10142.69,10604.0,10137.93,10372.25,432249835.49069726
2019-08-27 00:00,10373.6,10391.08,10051.08,10185.05,289340681.0789518
2019-08-28 00:00,10185.69,10299.0,9601.01,9721.0,420034883.00315255
2019-08-29 00:00,9721.0,9724.0,9320.0,9498.44,337838761.5572865
2019-08-30 00:00,9499.01,9696.0,9350.41,9584.54,255854874.4507745
2019-08-31 00:00,9582.76,9684.51,9420.75,9587.47,164116756.46299693
2019-09-01 00:00,9588.74,9830.0,9520.0,9724.98,188513289.12235728
2019-09-02 00:00,9723.59,10450.0,9712.5,10340.0,448462178.630381
2019-09-03 00:00,10340.0,10773.0,10272.0,10615.28,505617667.3992669
2019-09-04 00:00,10611.85,10799.0,10369.89,10567.02,463526509.325937
2019-09-05 00:00,10565.92,10900.0,10450.0,10564.49,358861340.7897901
2019-09-06 00:00,10563.13,10905.87,10150.0,10298.73,623662984.3843305
2019-09-07 00:00,10298.71,10558.0,10288.57,10455.88,287851131.1802577
2019-09-08 00:00,10455.9,10592.5,10208.0,10381.18,249900964.37153128
2019-09-09 00:00,10381.24,10480.0,10068.5,10303.12,409724831.94712263
2019-09-10 00:00,10302.58,10384.99,9953.0,10098.15,294323839.5070076
2019-09-11 00:00,10098.19,10293.0,9880.0,10158.33,321637085.47650874
2019-09-12 00:00,10158.75,10448.81,10040.0,10415.01,353390090.96777725
2019-09-13 00:00,10415.01,10439.0,10153.0,10342.06,311632094.25618845
2019-09-14 00:00,10344.13,10419.99,10222.33,10335.02,244063007.09022477
2019-09-15 00:00,10332.81,10360.0,10252.15,10302.01,185853330.43704256
2019-09-16 00:00,10303.34,10355.0,10078.0,10251.31,296325130.1709013
2019-09-17 00:00,10249.68,10275.0,10128.01,10187.82,233944812.560508
2019-09-18 00:00,10187.48,10258.02,10100.0,10156.99,247024351.59799168
2019-09-19 00:00,10156.41,10325.0,9653.0,10244.29,447676492.9840264
2019-09-20 00:00,10243.7,10281.0,10061.39,10168.59,255205290.2118373
2019-09-21 00:00,10167.92,10176.7,9900.0,9986.39,206034034.50803515
2019-09-22 00:00,9985.15,10089.0,9853.97,10028.87,220133631.61284167
2019-09-23 00:00,10028.05,10049.99,9615.77,9702.25,314390584.62646127
2019-09-24 00:00,9702.2,9794.99,7800.0,8493.14,838996309.1611282
2019-09-25 00:00,8497.55,8730.0,8215.64,8430.05,512437200.3611044
2019-09-26 00:00,8430.05,8465.99,7750.0,8063.73,552794530.866682
2019-09-27 00:00,8063.49,8265.0,7852.15,8177.91,352800745.20792854
2019-09-28 00:00,8177.47,8315.0,8001.09,8198.81,280672404.6804955
2019-09-29 00:00,8199.38,8229.13,7890.0,8043.82,253660600.3252929
2019-09-30 00:00,8043.04,8337.26,7710.0,8289.34,449120676.8427603
2019-10-01 00:00,8289.97,8500.0,8173.05,8292.44,362980689.8799913
2019-10-02 00:00,8292.67,8373.91,8151.22,8359.94,216325351.8586446
2019-10-03 00:00,8360.0,8393.0,8060.0,8223.96,250291751.27141392
2019-10-04 00:00,8224.43,8232.41,8005.0,8137.13,215325611.6822151
2019-10-05 00:00,8137.09,8183.41,8012.98,8126.19,177252877.0029691
2019-10-06 00:00,8127.55,8153.87,7785.0,7854.25,275447898.032875
2019-10-07 00:00,7855.3,8299.92,7762.0,8190.09,420921679.8442632
2019-10-08 00:00,8190.82,8325.0,8088.75,8168.39,290675248.1414453
2019-10-09 00:00,8170.79,8670.0,8115.0,8560.74,462845251.8136103
2019-10-10 00:00,8562.15,8644.0,8414.52,8558.03,333925412.3041418
2019-10-11 00:00,8557.82,8779.51,8212.38,8258.5,424413201.53293216
2019-10-12 00:00,8257.95,8400.0,8250.0,8300.09,177707852.5948189
2019-10-13 00:00,8301.98,8451.37,8160.0,8275.01,232149438.3639587
2019-10-14 00:00,8275.24,8388.85,8203.0,8348.2,247530733.18003485
2019-10-15 00:00,8346.86,8403.0,8090.0,8159.29,270727559.77701086
2019-10-16 00:00,8159.3,8181.16,7917.0,7991.74,279586845.5362138
2019-10-17 00:00,7995.02,8124.92,7929.03,8070.58,238343204.48251528
2019-10-18 00:00,8070.71,8115.0,7816.01,7947.01,248931322.1008505
2019-10-19 00:00,7946.89,8098.1,7866.92,7948.01,211909734.13572004
2019-10-20 00:00,7949.87,8297.0,7870.0,8223.35,275899861.65387124
2019-10-21 00:00,8223.35,8333.0,8142.03,8197.27,250117281.63661337
2019-10-22 00:00,8197.28,8297.99,8000.0,8020.0,283535483.41051364
2019-10-23 00:00,8020.06,8047.59,7300.0,7466.62,488220760.6464156
2019-10-24 00:00,7468.47,7503.68,7337.99,7412.41,243246414.9489239
2019-10-25 00:00,7412.41,8799.0,7361.0,8655.02,737329544.8835196
2019-10-26 00:00,8655.88,10370.0,8470.38,9230.0,1522244166.4108484
2019-10-27 00:00,9230.0,9794.98,9074.34,9529.93,887438297.7462668
2019-10-28 00:00,9528.23,9902.1,9160.0,9205.14,759178942.9488419
2019-10-29 00:00,9204.45,9550.0,9072.0,9407.62,600611324.6356996
2019-10-30 00:00,9407.62,9409.84,9001.01,9154.72,506584830.0313323
2019-10-31 00:00,9154.02,9405.0,8913.0,9140.85,498152743.7348088
2019-11-01 00:00,9140.86,9279.0,9030.0,9231.61,398803069.00908464
2019-11-02 00:00,9231.4,9373.74,9186.21,9289.52,268119579.73009112
2019-11-03 00:00,9289.85,9362.57,9066.14,9194.71,256664259.6621914
2019-11-04 00:00,9196.46,9513.68,9115.84,9393.35,426792003.1749065
2019-11-05 00:00,9392.4,9454.95,9175.76,9308.66,428156963.0785469
2019-11-06 00:00,9307.73,9440.91,9250.01,9339.05,348607499.83121693
2019-11-07 00:00,9339.16,9375.0,9101.0,9216.2,361217475.05834645
2019-11-08 00:00,9214.0,9261.0,8696.0,8773.73,555589995.9935858
2019-11-09 00:00,8773.74,8880.0,8724.88,8809.41,259733491.8299089
2019-11-10 00:00,8809.18,9147.19,8750.0,9039.47,307316853.90375423
2019-11-11 00:00,9040.16,9072.32,8618.68,8733.27,394585996.3292871
2019-11-12 00:00,8733.36,8888.0,8567.6,8821.94,352675938.430593
2019-11-13 00:00,8821.91,8844.99,8702.0,8777.12,235060554.1241016
2019-11-14 00:00,8777.54,8800.0,8582.6,8646.68,290104306.9530332
2019-11-15 00:00,8646.38,8790.0,8400.0,8471.73,394708981.3155723
2019-11-16 00:00,8471.62,8543.0,8400.0,8491.02,177222838.38564816
2019-11-17 00:00,8490.74,8635.0,8350.68,8502.4,229995700.81158423
2019-11-18 00:00,8502.87,8503.52,8060.0,8187.17,358706174.8252184
2019-11-19 00:00,8186.5,8218.63,8003.0,8133.64,353463792.04443395
2019-11-20 00:00,8133.83,8264.29,8038.4,8098.01,263387575.485922
2019-11-21 00:00,8098.56,8134.73,7500.0,7627.74,455166676.2781802
2019-11-22 00:00,7627.79,7750.0,6790.0,7268.23,917881536.262084
2019-11-23 00:00,7268.23,7344.48,7080.01,7311.57,364446217.3737604
2019-11-24 00:00,7311.1,7330.39,6861.0,6903.28,481922941.3269758
2019-11-25 00:00,6900.23,7377.69,6515.0,7109.57,831628458.3049068
2019-11-26 00:00,7109.99,7340.0,7017.48,7156.14,469602476.91268086
2019-11-27 00:00,7154.75,7655.0,6840.0,7508.52,671646609.1695509
2019-11-28 00:00,7507.9,7643.0,7360.0,7419.49,427572714.94560075
2019-11-29 00:00,7418.52,7850.0,7362.3,7739.68,463006956.68515134
2019-11-30 00:00,7740.99,7810.0,7441.0,7541.89,358749026.3607554
2019-12-01 00:00,7540.63,7541.85,7210.0,7390.89,446524917.2059704
2019-12-02 00:00,7391.5,7420.56,7151.1,7294.28,337889295.51018095
2019-12-03 00:00,7294.42,7400.0,7241.35,7292.71,242379261.10434756
2019-12-04 00:00,7292.71,7750.0,7067.0,7194.32,608623482.7599232
2019-12-05 00:00,7194.59,7485.0,7150.0,7389.0,434738864.7840124
2019-12-06 00:00,7389.0,7590.03,7305.0,7527.47,356905919.01556
2019-12-07 00:00,7527.8,7619.62,7470.16,7488.21,237000924.85530463
2019-12-08 00:00,7487.31,7564.0,7374.86,7510.11,223314325.61846468
2019-12-09 00:00,7510.11,7650.0,7273.0,7338.64,347471155.4826833
2019-12-10 00:00,7338.64,7407.6,7157.1,7224.13,363127435.3955167
2019-12-11 00:00,7224.15,7275.5,7125.66,7210.0,217095653.86658928
2019-12-12 00:00,7210.0,7295.0,7080.3,7198.08,303657479.492691
2019-12-13 00:00,7197.76,7309.05,7190.76,7258.48,199836160.23365223
2019-12-14 00:00,7257.37,7271.77,7012.0,7064.05,211004228.015854
2019-12-15 00:00,7064.14,7200.3,7008.35,7118.59,187402764.56353113
2019-12-16 00:00,7119.6,7150.0,6836.0,6891.72,307508569.89251375
2019-12-17 00:00,6891.44,6942.21,6560.0,6623.82,364087469.8222779
2019-12-18 00:00,6623.84,7440.0,6435.0,7277.83,654057202.1588289
2019-12-19 00:00,7277.83,7380.0,7038.31,7150.3,397407677.058565
2019-12-20 00:00,7151.31,7220.0,7079.5,7187.83,229842650.42149535
2019-12-21 00:00,7188.01,7190.58,7105.0,7132.75,139069157.08645767
2019-12-22 00:00,7131.59,7518.54,7122.47,7501.44,285577206.9406348
2019-12-23 00:00,7500.71,7695.38,7265.84,7317.09,510710431.7668603
2019-12-24 00:00,7317.3,7436.68,7157.04,7255.77,318428019.00091
2019-12-25 00:00,7255.77,7271.77,7128.86,7204.63,198273303.10954583
2019-12-26 00:00,7205.01,7435.0,7157.12,7202.0,263289798.9561876
2019-12-27 00:00,7202.0,7275.86,7076.42,7254.74,242214722.72289035
2019-12-28 00:00,7254.77,7365.01,7238.67,7316.14,196322192.43800187
2019-12-29 00:00,7315.36,7528.45,7288.0,7388.24,231731575.8282169
2019-12-30 00:00,7388.43,7408.24,7220.0,7246.0,216508875.51767525
2019-12-31 00:00,7246.0,7320.0,7145.01,7195.23,187518399.34504
2020-01-01 00:00,7195.24,7255.0,7175.15,7200.85,121214452.11606228
2020-01-02 00:00,7200.77,7212.5,6924.74,6965.71,225982341.3011403
2020-01-03 00:00,6965.49,7405.0,6871.04,7344.96,495098582.96203536
2020-01-04 00:00,7345.0,7404.0,7272.21,7354.11,219874240.93994808
2020-01-05 00:00,7354.19,7495.0,7318.0,7358.75,284848683.7891762
2020-01-06 00:00,7357.64,7795.34,7346.76,7758.0,413330481.2260492
2020-01-07 00:00,7758.9,8207.68,7723.71,8145.28,724202791.1429626
2020-01-08 00:00,8145.92,8455.0,7870.0,8055.98,926410232.6045058
2020-01-09 00:00,8054.72,8055.96,7750.0,7817.76,507258250.4748797
2020-01-10 00:00,7817.74,8199.0,7672.0,8197.02,652774220.3884369
2020-01-11 00:00,8198.86,8286.34,8003.16,8020.01,445034349.5647021
2020-01-12 00:00,8020.01,8197.0,7960.0,8184.98,309351920.45885
2020-01-13 00:00,8184.97,8196.0,8055.89,8110.34,252656965.35815012
2020-01-14 00:00,8110.34,8880.0,8105.54,8810.01,1032735180.8658738
2020-01-15 00:00,8814.64,8916.48,8564.0,8821.41,743712237.2790816
2020-01-16 00:00,8820.01,8859.81,8586.0,8720.01,451752380.28108114
2020-01-17 00:00,8720.15,9041.65,8672.44,8913.28,629568740.707009
2020-01-18 00:00,8913.27,8988.88,8806.38,8915.96,340852837.9160803
2020-01-19 00:00,8915.09,9198.98,8466.0,8701.7,623950864.2762928
2020-01-20 00:00,8701.72,8746.99,8521.28,8642.35,336447837.0018059
2020-01-21 00:00,8642.35,8789.0,8488.0,8736.03,316056704.984738
2020-01-22 00:00,8736.04,8818.0,8590.0,8682.36,252638888.21492553
2020-01-23 00:00,8682.77,8691.81,8306.39,8404.52,407428808.67533696
2020-01-24 00:00,8404.52,8528.02,8238.0,8439.0,349874174.79003936
2020-01-25 00:00,8438.99,8451.26,8254.9,8340.58,212869245.63589776
2020-01-26 00:00,8340.01,8618.13,8293.66,8615.0,263941925.272999
2020-01-27 00:00,8614.39,9000.0,8535.0,8907.57,473194952.8044688
2020-01-28 00:00,8907.57,9400.0,8862.4,9374.21,676593159.4823396
2020-01-29 00:00,9375.34,9449.24,9216.0,9301.53,503188568.8363578
2020-01-30 00:00,9301.57,9578.0,9204.44,9513.21,569652869.8196837
2020-01-31 00:00,9511.52,9530.22,9210.01,9352.89,425779010.4065367
2020-02-01 00:00,9351.71,9464.53,9281.0,9384.61,268137739.9933375
2020-02-02 00:00,9384.41,9477.03,9120.0,9331.51,428064088.6904683
2020-02-03 00:00,9331.59,9618.79,9234.0,9292.24,476379993.49247247
2020-02-04 00:00,9291.35,9350.0,9093.01,9197.02,491136137.2107625
2020-02-05 00:00,9197.02,9744.45,9177.22,9612.04,613540574.7818311
2020-02-06 00:00,9612.03,9862.57,9526.35,9772.0,631245079.8223813
2020-02-07 00:00,9772.0,9885.0,9730.0,9813.73,430744860.1814393
2020-02-08 00:00,9813.87,9940.0,9667.11,9895.05,427781790.200816
2020-02-09 00:00,9895.04,10166.0,9880.75,10151.75,437441704.9053964
2020-02-10 00:00,10151.72,10188.0,9756.0,9851.83,590091358.442907
2020-02-11 00:00,9851.74,10323.59,9700.0,10223.08,624970415.4054741
2020-02-12 00:00,10223.08,10450.0,10223.08,10326.46,629756037.5160786
2020-02-13 00:00,10325.33,10500.0,10080.0,10229.63,815507473.735361
2020-02-14 00:00,10227.78,10381.56,10111.37,10344.36,482455622.003626
2020-02-15 00:00,10344.36,10375.0,9801.0,9904.72,580845331.1747848
2020-02-16 00:00,9904.46,10050.0,9638.12,9917.27,592584876.9040861
2020-02-17 00:00,9910.7,9964.16,9452.67,9706.0,680009637.6159953
2020-02-18 00:00,9706.0,10250.0,9576.01,10164.71,696870122.812608
2020-02-19 00:00,10164.78,10250.0,9350.0,9593.79,547679966.9292257
2020-02-20 00:00,9594.65,9699.0,9400.0,9596.42,576020107.4626018
2020-02-21 00:00,9597.21,9755.51,9550.21,9677.05,408286949.8035292
2020-02-22 00:00,9677.05,9709.17,9560.02,9650.86,237544283.22525856
2020-02-23 00:00,9650.85,9990.0,9645.0,9936.4,371815095.46744496
2020-02-24 00:00,9936.4,9990.0,9473.56,9656.13,542081527.6408329
2020-02-25 00:00,9655.52,9675.0,9250.0,9315.84,514946930.5660231
2020-02-26 00:00,9316.48,9377.44,8633.63,8785.25,830717784.3790948
2020-02-27 00:00,8786.0,8971.77,8531.0,8823.21,636955872.7625463
2020-02-28 00:00,8823.25,8900.0,8445.0,8692.91,615664817.0103912
2020-02-29 00:00,8690.8,8790.0,8523.55,8523.61,318585951.9885324
2020-03-01 00:00,8523.61,8750.0,8411.0,8531.88,375729315.25408256
2020-03-02 00:00,8530.3,8965.75,8498.0,8915.24,528906629.5628192
2020-03-03 00:00,8911.18,8919.65,8651.0,8760.07,484181096.3229558
2020-03-04 00:00,8760.07,8848.29,8660.0,8750.87,338849891.95293546
2020-03-05 00:00,8750.99,9159.42,8746.54,9054.68,524102029.20478296
2020-03-06 00:00,9054.64,9170.0,8985.5,9131.88,397598476.42056286
2020-03-07 00:00,9130.89,9188.0,8835.0,8886.66,409983263.789138
2020-03-08 00:00,8885.25,8886.76,8000.0,8033.31,656931544.7821604
2020-03-09 00:00,8034.76,8179.31,7632.01,7929.87,918787729.0855838
2020-03-10 00:00,7929.87,8149.0,7728.01,7894.56,689700153.4490932
2020-03-11 00:00,7894.57,7980.0,7590.0,7934.52,624465167.3648188
2020-03-12 00:00,7934.58,7966.17,4410.0,4800.0,1628590104.2222133
2020-03-13 00:00,4800.01,5955.0,3782.13,5578.6,2063819540.6389947
2020-03-14 00:00,5576.05,5640.52,5055.13,5172.06,736651880.9210789
2020-03-15 00:00,5172.48,5940.0,5093.1,5361.3,753755706.4268771
2020-03-16 00:00,5360.33,5365.42,4442.12,5028.97,1113690309.1015868
2020-03-17 00:00,5028.86,5525.0,4921.45,5312.64,793147908.2684975
2020-03-18 00:00,5312.64,5436.17,5009.37,5393.04,719748122.45302
2020-03-19 00:00,5393.26,6400.0,5252.53,6162.37,1164739707.514236
2020-03-20 00:00,6162.05,6900.0,5670.0,6208.36,1401734013.175202
2020-03-21 00:00,6204.57,6456.98,5860.02,6186.98,794962136.6384171
2020-03-22 00:00,6187.04,6407.87,5734.01,5816.19,722895653.5100614
2020-03-23 00:00,5816.05,6600.0,5688.0,6467.31,1015525672.0743864
2020-03-24 00:00,6465.25,6833.0,6371.33,6744.72,1001890515.2399886
2020-03-25 00:00,6744.69,6957.96,6450.0,6677.43,880250736.9079887
2020-03-26 00:00,6677.42,6780.0,6510.0,6737.36,552537189.4793514
2020-03-27 00:00,6737.27,6842.59,6261.0,6359.11,551326113.8552039
2020-03-28 00:00,6359.11,6360.0,6024.0,6236.65,577986706.1289365
2020-03-29 00:00,6236.65,6266.0,5866.56,5881.42,383707122.50096285
2020-03-30 00:00,5880.5,6599.0,5857.76,6394.38,747569726.4544197
2020-03-31 00:00,6394.45,6523.23,6321.4,6410.44,465780496.6224872
2020-04-01 00:00,6412.14,6679.94,6150.11,6642.92,618527468.834164
2020-04-02 00:00,6643.36,7198.0,6551.0,6794.09,1014494762.4416422
2020-04-03 00:00,6793.86,7048.0,6602.1,6734.1,710254017.100272
2020-04-04 00:00,6732.97,6990.41,6650.01,6856.99,495076283.5209042
2020-04-05 00:00,6857.41,6895.54,6677.52,6772.78,337062083.002028
2020-04-06 00:00,6772.78,7355.14,6765.0,7329.9,837357664.6519214
2020-04-07 00:00,7329.9,7459.69,7077.0,7197.32,757201786.6976631
2020-04-08 00:00,7197.32,7420.0,7150.0,7361.28,555122600.275026
2020-04-09 00:00,7360.26,7371.92,7108.08,7283.54,444741085.9037586
2020-04-10 00:00,7283.54,7295.75,6739.98,6858.92,727281590.7719399
2020-04-11 00:00,6858.92,6944.3,6760.0,6876.83,311699573.516674
2020-04-12 00:00,6876.84,7177.0,6780.0,6903.79,516235035.1865113
2020-04-13 00:00,6903.79,6903.79,6575.0,6837.91,649390681.2485026
2020-04-14 00:00,6838.04,6978.0,6754.28,6868.7,474794776.19211113
2020-04-15 00:00,6868.57,6933.0,6605.0,6621.24,416947490.61569566
2020-04-16 00:00,6621.25,7190.0,6468.27,7101.94,865277543.3946935
2020-04-17 00:00,7101.99,7148.12,6972.98,7027.55,382334236.1694789
2020-04-18 00:00,7026.78,7293.08,7014.4,7248.6,354845083.7761889
2020-04-19 00:00,7248.6,7266.15,7055.6,7120.74,326485586.9317384
2020-04-20 00:00,7121.4,7220.0,6751.0,6826.83,629612368.7476892
2020-04-21 00:00,6828.98,6940.0,6762.0,6841.37,411800606.08159715
2020-04-22 00:00,6841.36,7156.38,6818.0,7125.14,431271646.1755991
2020-04-23 00:00,7125.12,7738.0,7020.0,7482.39,756320213.5858521
2020-04-24 00:00,7483.96,7615.96,7388.0,7505.0,452118137.7940016
2020-04-25 00:00,7505.0,7705.0,7431.07,7538.67,331292050.77197313
2020-04-26 00:00,7539.03,7700.0,7480.0,7693.1,384202783.2747096
2020-04-27 00:00,7693.1,7792.02,7606.0,7774.62,504025811.6512536
2020-04-28 00:00,7773.51,7780.0,7659.12,7738.98,357391780.9307627
2020-04-29 00:00,7738.58,8952.89,7710.05,8778.57,1536390177.0449488
2020-04-30 00:00,8778.58,9460.0,8401.0,8620.0,1839283907.4625196
2020-05-01 00:00,8620.0,9059.18,8613.56,8826.96,805640126.6308703
2020-05-02 00:00,8825.67,9010.0,8753.0,8972.05,523838859.5442492
2020-05-03 00:00,8972.58,9200.0,8712.0,8894.16,808427095.9321591
2020-05-04 00:00,8894.15,8950.0,8522.0,8871.96,738343818.6939254
2020-05-05 00:00,8871.92,9118.58,8760.0,9021.83,683083018.8779808
2020-05-06 00:00,9021.36,9395.0,8906.21,9142.92,972793508.4649074
2020-05-07 00:00,9143.4,10067.0,9021.0,9986.4,1409783462.006364
2020-05-08 00:00,9986.3,10035.96,9705.0,9800.01,997005843.7404792
2020-05-09 00:00,9800.02,9914.25,9520.0,9539.4,795001351.6797024
2020-05-10 00:00,9539.1,9574.83,8117.0,8722.77,1594996476.9756367
2020-05-11 00:00,8722.77,9168.0,8200.0,8561.52,1468392820.7608037
2020-05-12 00:00,8562.04,8978.26,8528.78,8810.79,760195457.0509585
2020-05-13 00:00,8810.99,9398.0,8792.99,9309.37,839725719.9602077
2020-05-14 00:00,9309.35,9939.0,9256.76,9791.98,1247456797.813666
2020-05-15 00:00,9791.97,9845.62,9150.0,9316.42,1099721375.8919055
2020-05-16 00:00,9315.96,9588.0,9220.0,9381.27,560547005.0259086
2020-05-17 00:00,9380.81,9888.0,9322.1,9680.04,663088800.815278
2020-05-18 00:00,9681.11,9950.0,9464.23,9733.93,797622297.3261682
2020-05-19 00:00,9733.93,9897.21,9474.0,9775.53,760713946.0085461
2020-05-20 00:00,9775.13,9842.0,9326.0,9511.43,721190802.7634026
2020-05-21 00:00,9511.43,9578.47,8815.0,9068.65,1002046265.9412596
2020-05-22 00:00,9067.51,9271.0,8933.52,9170.0,537847834.4967086
2020-05-23 00:00,9170.0,9307.85,9070.0,9179.15,400407195.6289224
2020-05-24 00:00,9179.01,9298.0,8700.0,8720.34,636787240.3733248
2020-05-25 00:00,8718.14,8979.66,8642.72,8900.35,553545285.9140139
2020-05-26 00:00,8900.35,9017.67,8700.0,8841.18,516455128.890688
2020-05-27 00:00,8841.0,9225.0,8811.73,9204.07,624660855.7800369
2020-05-28 00:00,9204.07,9625.47,9110.0,9575.89,693930106.1813825
2020-05-29 00:00,9575.87,9605.26,9330.0,9427.07,542758086.6064701
2020-05-30 00:00,9426.6,9740.0,9331.23,9697.72,530598690.0714505
2020-05-31 00:00,9697.72,9700.0,9381.41,9448.27,461272298.85252047
2020-06-01 00:00,9448.27,10380.0,9421.67,10200.77,749707596.6593573
2020-06-02 00:00,10202.71,10228.99,9266.0,9518.04,1070060237.1302092
2020-06-03 00:00,9518.02,9690.0,9365.21,9666.24,441928818.0430156
2020-06-04 00:00,9666.32,9881.63,9450.0,9789.06,557234945.6467389
2020-06-05 00:00,9788.14,9854.75,9581.0,9621.16,465200788.2036338
2020-06-06 00:00,9621.17,9735.0,9531.05,9666.3,315604867.236149
2020-06-07 00:00,9666.85,9802.0,9372.46,9746.99,556919603.7915448
2020-06-08 00:00,9746.99,9800.0,9633.0,9782.01,395459395.8213373
2020-06-09 00:00,9782.0,9877.0,9570.0,9772.43,447208895.8386984
2020-06-10 00:00,9772.44,9992.72,9704.18,9885.0,462384305.3511994
2020-06-11 00:00,9885.22,9964.0,9113.0,9280.4,902075648.5453848
2020-06-12 00:00,9278.88,9557.12,9232.51,9465.13,472007894.37567526
2020-06-13 00:00,9464.96,9494.73,9351.0,9473.34,261673162.2584724
2020-06-14 00:00,9473.34,9480.99,9245.0,9342.1,282131272.3800662
2020-06-15 00:00,9342.1,9495.0,8910.45,9426.02,793518842.5509843
2020-06-16 00:00,9426.05,9589.0,9373.09,9525.59,494458269.13979113
2020-06-17 00:00,9526.97,9565.0,9236.61,9465.14,453209812.22578067
2020-06-18 00:00,9465.13,9489.0,9280.0,9386.32,351649555.0725387
2020-06-19 00:00,9386.32,9438.3,9215.79,9310.23,423086965.1927383
2020-06-20 00:00,9310.23,9395.0,9170.95,9358.95,282120360.5567526
2020-06-21 00:00,9358.95,9422.0,9281.54,9294.69,227467940.6102112
2020-06-22 00:00,9294.69,9780.0,9277.09,9685.69,550995799.0694705
2020-06-23 00:00,9685.69,9720.0,9577.03,9624.89,395487616.460878
2020-06-24 00:00,9624.33,9670.0,9208.0,9296.49,579426702.7966821
2020-06-25 00:00,9298.33,9340.0,9009.69,9249.49,514396747.4047828
2020-06-26 00:00,9249.49,9298.0,9045.45,9162.21,461347064.8295031
2020-06-27 00:00,9162.21,9196.24,8833.0,9012.0,419606802.23720133
2020-06-28 00:00,9012.0,9191.0,8948.06,9116.35,278721674.9221112
2020-06-29 00:00,9116.16,9238.0,9024.67,9192.56,384206326.4706804
2020-06-30 00:00,9192.93,9205.0,9064.89,9138.55,287781334.51701576
2020-07-01 00:00,9138.08,9292.0,9080.1,9232.0,354087627.1696612
2020-07-02 00:00,9231.99,9261.96,8940.0,9086.54,417724468.8873568
2020-07-03 00:00,9086.54,9125.0,9037.47,9058.26,263123750.4671724
2020-07-04 00:00,9057.79,9190.0,9040.04,9135.46,240576054.91572312
2020-07-05 00:00,9135.0,9145.24,8893.03,9069.41,308410443.6592152
2020-07-06 00:00,9069.41,9375.0,9055.92,9344.2,502548376.20946366
2020-07-07 00:00,9342.47,9379.42,9203.0,9257.39,320576525.3553498
2020-07-08 00:00,9257.4,9470.0,9231.0,9436.06,525344876.6999235
2020-07-09 00:00,9436.06,9440.79,9160.0,9232.43,447640493.54432976
2020-07-10 00:00,9232.42,9317.48,9125.0,9288.34,352238898.7694825
2020-07-11 00:00,9288.34,9299.28,9178.25,9234.03,208410250.50959367
2020-07-12 00:00,9234.02,9345.0,9157.5,9302.75,285591381.4915314
2020-07-13 00:00,9303.31,9343.82,9200.89,9242.62,396614086.7962699
2020-07-14 00:00,9242.61,9279.54,9113.0,9255.85,421789086.45494735
2020-07-15 00:00,9255.85,9276.49,9160.57,9197.6,360201683.49480516
2020-07-16 00:00,9197.6,9226.15,9047.25,9133.72,395883667.0248003
2020-07-17 00:00,9133.72,9186.83,9089.81,9154.32,256360345.57676795
2020-07-18 00:00,9154.31,9219.3,9121.1,9170.28,206628105.36278892
2020-07-19 00:00,9170.3,9232.27,9101.35,9208.99,238521988.0313255
2020-07-20 00:00,9208.99,9221.52,9131.0,9160.78,325297289.27265835
2020-07-21 00:00,9160.78,9437.73,9152.8,9390.0,563360524.7994282
2020-07-22 00:00,9390.0,9544.0,9261.0,9518.16,457776105.6155714
2020-07-23 00:00,9518.16,9664.0,9440.33,9603.27,494282948.7336824
2020-07-24 00:00,9603.27,9637.0,9463.44,9537.8,419240263.5218282
2020-07-25 00:00,9538.1,9732.9,9513.0,9700.42,391431695.7168218
2020-07-26 00:00,9700.42,10111.0,9650.0,9931.54,644607634.4817771
2020-07-27 00:00,9931.54,11394.86,9917.21,11029.96,1580355372.0991797
2020-07-28 00:00,11029.96,11242.23,10565.0,10906.27,1065375500.1891888
2020-07-29 00:00,10906.27,11342.82,10812.0,11100.53,853242253.6158236
2020-07-30 00:00,11100.52,11170.0,10831.0,11099.61,669779541.8872833
2020-07-31 00:00,11099.79,11444.0,10960.0,11335.46,786344325.8552314
2020-08-01 00:00,11335.46,11861.0,11220.0,11801.17,987817017.3186324
2020-08-02 00:00,11801.17,12123.46,10518.5,11071.35,1105757335.5281618
2020-08-03 00:00,11071.36,11473.0,10936.0,11219.81,641127593.2614517
2020-08-04 00:00,11219.68,11414.98,11000.0,11191.97,658084242.6797222
2020-08-05 00:00,11191.99,11780.93,11093.0,11744.91,861433645.4244397
2020-08-06 00:00,11744.91,11900.0,11562.5,11762.46,746479211.7155949
2020-08-07 00:00,11762.47,11909.94,11322.0,11594.23,767005529.2821208
2020-08-08 00:00,11594.36,11808.27,11512.0,11761.41,489087264.3602809
2020-08-09 00:00,11761.02,11797.11,11521.97,11681.68,483708602.8963804
2020-08-10 00:00,11681.69,12067.35,11450.0,11892.92,1009169063.3832128
2020-08-11 00:00,11892.9,11935.0,11125.0,11392.08,1049615697.1379416
2020-08-12 00:00,11392.09,11617.52,11150.0,11564.33,743303608.0999826
2020-08-13 00:00,11564.34,11792.96,11270.36,11780.0,809611114.2132485
2020-08-14 00:00,11779.77,11850.0,11634.03,11760.54,702273220.6964157
2020-08-15 00:00,11760.55,11980.0,11680.0,11852.4,667446824.0641296
2020-08-16 00:00,11852.4,11931.72,11686.0,11911.0,489731524.6369436
2020-08-17 00:00,11910.99,12468.0,11769.78,12281.13,1026883452.894772
2020-08-18 00:00,12281.15,12387.77,11817.93,11945.01,920402307.1768104
2020-08-19 00:00,11945.1,12020.08,11561.0,11754.59,870612801.5295693
2020-08-20 00:00,11754.38,11888.0,11668.0,11853.55,543576025.0485107
2020-08-21 00:00,11853.54,11878.0,11485.81,11531.34,755451999.6540914
2020-08-22 00:00,11531.23,11686.0,11376.81,11662.96,504305451.410864
2020-08-23 00:00,11663.51,11718.07,11514.13,11648.13,440406018.65187865
2020-08-24 00:00,11648.12,11824.9,11585.09,11748.2,542298951.538298
2020-08-25 00:00,11748.19,11767.85,11117.64,11318.42,797034671.6452801
2020-08-26 00:00,11318.42,11539.32,11244.0,11461.43,615452789.9673375
2020-08-27 00:00,11461.42,11592.2,11125.0,11330.38,717474981.6640126
2020-08-28 00:00,11330.38,11542.65,11276.89,11526.91,525606229.654251
2020-08-29 00:00,11526.9,11580.02,11417.04,11465.84,379228275.2707224
2020-08-30 00:00,11465.84,11719.0,11458.0,11711.16,501375342.93503886
2020-08-31 00:00,11711.17,11800.77,11570.0,11649.51,646723855.5714536
2020-09-01 00:00,11649.51,12050.85,11515.0,11921.97,928047313.4889666
2020-09-02 00:00,11921.97,11954.57,11160.1,11388.54,1005391012.1338753
2020-09-03 00:00,11388.54,11462.6,9960.8,10140.85,1325106403.3158674
2020-09-04 00:00,10138.29,10627.05,9875.5,10446.25,959925718.3512753
2020-09-05 00:00,10446.25,10565.68,9825.0,10166.69,917578408.8761182
2020-09-06 00:00,10166.69,10347.14,9994.86,10256.2,574903000.2351745
2020-09-07 00:00,10255.89,10410.75,9875.0,10373.44,634278537.8151095
2020-09-08 00:00,10373.45,10438.0,9850.0,10126.65,742947901.9712393
2020-09-09 00:00,10126.66,10343.0,9981.01,10219.2,503082625.2147909
2020-09-10 00:00,10219.29,10483.35,10070.83,10336.87,602390078.4922807
2020-09-11 00:00,10336.86,10397.6,10200.0,10387.89,451241002.66033614
2020-09-12 00:00,10387.89,10477.97,10269.25,10440.92,366912671.4437269
2020-09-13 00:00,10440.67,10580.11,10200.0,10332.83,455338605.3291489
2020-09-14 00:00,10332.84,10750.0,10212.34,10671.77,706175591.3866128
2020-09-15 00:00,10671.77,10930.04,10606.48,10785.31,666457161.1491377
2020-09-16 00:00,10785.23,11093.0,10661.22,10954.01,708644989.4830699
2020-09-17 00:00,10954.01,11045.46,10745.83,10939.99,605010288.7799246
2020-09-18 00:00,10940.0,11038.03,10812.84,10933.39,516147935.6692284
2020-09-19 00:00,10933.4,11179.79,10887.37,11080.65,423651901.1577304
2020-09-20 00:00,11080.64,11080.64,10723.0,10920.28,426815210.75551224
2020-09-21 00:00,10920.28,10988.86,10296.35,10417.22,751020795.2358837
2020-09-22 00:00,10417.22,10572.71,10353.0,10529.61,460362500.7284081
2020-09-23 00:00,10529.61,10537.15,10136.82,10241.46,539362015.157462
2020-09-24 00:00,10241.46,10795.24,10190.93,10736.32,604520870.055638
2020-09-25 00:00,10736.33,10760.53,10556.24,10686.67,512647249.14932007
2020-09-26 00:00,10686.57,10820.94,10644.68,10728.6,304511477.68085533
2020-09-27 00:00,10728.59,10799.0,10594.82,10774.25,327169249.4549957
2020-09-28 00:00,10774.26,10950.0,10626.0,10696.12,544463219.5978093
2020-09-29 00:00,10696.11,10867.54,10635.87,10840.48,449345822.46022886
2020-09-30 00:00,10840.58,10849.34,10665.13,10776.59,425279696.28526336
2020-10-01 00:00,10776.59,10920.0,10437.0,10619.13,652168989.4617349
2020-10-02 00:00,10619.13,10664.64,10374.0,10570.4,526864379.3093653
2020-10-03 00:00,10570.4,10603.56,10496.46,10542.06,235160884.60853615
2020-10-04 00:00,10542.07,10696.87,10517.87,10666.63,246252050.90681073
2020-10-05 00:00,10666.62,10798.0,10615.64,10792.21,364158510.23798054
2020-10-06 00:00,10792.2,10800.0,10525.0,10599.66,520051256.0821992
2020-10-07 00:00,10599.65,10681.87,10546.17,10666.39,348298562.85686266
2020-10-08 00:00,10666.4,10950.0,10530.41,10925.57,559311760.4414803
2020-10-09 00:00,10925.44,11104.64,10829.0,11050.64,530822321.51623464
2020-10-10 00:00,11050.64,11491.0,11050.51,11293.22,494785212.2308736
2020-10-11 00:00,11293.22,11445.0,11221.0,11369.02,329927755.03808504
2020-10-12 00:00,11369.02,11720.01,11172.0,11528.25,604779845.7920177
2020-10-13 00:00,11528.24,11557.0,11300.0,11420.56,482663390.72403574
2020-10-14 00:00,11420.57,11547.98,11280.0,11417.89,472007015.72093433
2020-10-15 00:00,11417.89,11617.34,11250.83,11505.12,556436445.5576282
2020-10-16 00:00,11505.13,11541.15,11200.0,11319.32,553211001.6122569
2020-10-17 00:00,11319.24,11402.42,11255.0,11360.2,253582775.96265447
2020-10-18 00:00,11360.31,11505.0,11346.22,11503.14,266150824.34809864
2020-10-19 00:00,11503.14,11823.99,11407.96,11751.47,550728683.7992793
2020-10-20 00:00,11751.46,12038.38,11677.59,11909.99,737425592.0819716
2020-10-21 00:00,11910.0,13217.68,11886.95,12780.96,1437122186.6339953
2020-10-22 00:00,12780.75,13185.0,12678.08,12968.52,905778888.8702905
2020-10-23 00:00,12968.84,13027.69,12720.08,12923.07,650680239.1101469
2020-10-24 00:00,12923.06,13166.73,12870.0,13111.73,468299521.7696653
2020-10-25 00:00,13111.73,13350.0,12888.0,13028.83,502672049.2290516
2020-10-26 00:00,13029.64,13238.81,12765.0,13052.19,794395722.4533454
2020-10-27 00:00,13052.15,13789.29,13019.87,13636.17,1085214437.7511137
2020-10-28 00:00,13636.16,13859.48,12888.0,13266.4,1263487952.9951568
2020-10-29 00:00,13266.4,13642.91,12920.77,13455.7,997867948.8609744
2020-10-30 00:00,13455.69,13669.98,13115.0,13560.1,946818817.5575091
2020-10-31 00:00,13560.1,14100.0,13411.5,13791.0,927048458.5423617
2020-11-01 00:00,13791.0,13895.0,13603.0,13761.5,499124369.0753264
2020-11-02 00:00,13761.49,13830.0,13195.05,13549.37,873629993.8313928
2020-11-03 00:00,13549.63,14066.11,13284.99,14023.53,1009402087.7104616
2020-11-04 00:00,14023.53,14259.0,13525.0,14144.01,1293872665.4179618
2020-11-05 00:00,14144.01,15750.0,14093.56,15590.02,2131865609.2908912
2020-11-06 00:00,15590.02,15960.0,15166.0,15579.92,1909660728.8229203
2020-11-07 00:00,15579.93,15753.52,14344.22,14818.3,1536510177.0914736
2020-11-08 00:00,14818.3,15650.0,14703.88,15475.1,998031373.8397804
2020-11-09 00:00,15475.1,15840.0,14805.54,15328.41,1670447935.5141788
2020-11-10 00:00,15328.41,15460.0,15072.46,15297.21,943615126.0891505
2020-11-11 00:00,15297.21,15965.0,15272.68,15684.24,1226425496.3618553
2020-11-12 00:00,15684.25,16340.7,15440.64,16291.86,1628755508.6741984
2020-11-13 00:00,16291.85,16480.0,15952.35,16320.7,1230358611.1248891
2020-11-14 00:00,16320.04,16326.99,15670.0,16070.45,944765868.609419
2020-11-15 00:00,16069.56,16180.0,15774.72,15957.0,696651729.7452534
2020-11-16 00:00,15957.0,16880.0,15864.0,16713.57,1335728013.9057603
2020-11-17 00:00,16713.08,17858.82,16538.0,17659.38,1982752071.450512
2020-11-18 00:00,17659.38,18476.93,17214.45,17776.12,2663337935.5002985
2020-11-19 00:00,17777.75,18179.8,17335.65,17802.82,1656794228.8537636
2020-11-20 00:00,17802.81,18815.22,17740.04,18655.67,1623135138.5910714
2020-11-21 00:00,18655.66,18965.9,18308.58,18703.8,1413641591.284171
2020-11-22 00:00,18703.8,18750.0,17610.86,18414.43,1497662550.0540428
2020-11-23 00:00,18413.88,18766.0,18000.0,18368.0,1529064319.6694436
2020-11-24 00:00,18368.01,19418.97,18018.0,19160.01,2145301450.4579408
2020-11-25 00:00,19160.0,19484.21,18500.27,18719.11,1774870796.2882328
2020-11-26 00:00,18718.83,18915.03,16188.0,17149.47,3127314143.1045747
2020-11-27 00:00,17149.47,17457.62,16438.08,17139.52,1446670351.435088
2020-11-28 00:00,17139.53,17880.49,16865.56,17719.85,1128061605.107225
2020-11-29 00:00,17719.84,18360.05,17517.0,18184.99,996743798.8649216
2020-11-30 00:00,18185.0,19863.16,18184.99,19695.87,2205929119.505336
2020-12-01 00:00,19695.87,19888.0,18001.12,18764.96,2446070334.8287983
2020-12-02 00:00,18764.96,19342.0,18330.0,19204.09,1436895344.8259497
2020-12-03 00:00,19204.08,19598.0,18867.2,19421.9,1286548310.8267057
2020-12-04 00:00,19422.34,19527.0,18565.31,18650.52,1358079975.025498
2020-12-05 00:00,18650.51,19177.0,18500.0,19147.66,813445434.1308142
2020-12-06 00:00,19147.66,19420.0,18857.0,19359.4,709558933.5829058
2020-12-07 00:00,19358.67,19420.91,18902.88,19166.9,793517668.6839459
2020-12-08 00:00,19166.9,19294.84,18200.0,18324.11,1160658077.404659
2020-12-09 00:00,18324.11,18639.57,17650.0,18541.28,1450130664.0645843
2020-12-10 00:00,18541.29,18557.32,17911.12,18254.63,966149529.000607
2020-12-11 00:00,18254.81,18292.73,17572.33,18036.53,1301081647.3079
2020-12-12 00:00,18036.53,18948.66,18020.7,18808.69,915552835.9061832
2020-12-13 00:00,18808.69,19411.0,18711.12,19174.99,1083520569.0948539
2020-12-14 00:00,19174.99,19349.0,19000.0,19273.14,906101687.739595
2020-12-15 00:00,19273.69,19570.0,19050.0,19426.43,1196361527.9258018
2020-12-16 00:00,19426.43,21560.0,19278.6,21335.52,2325135958.641841
2020-12-17 00:00,21335.52,23800.0,21230.0,22797.16,4196645567.4258766
2020-12-18 00:00,22797.15,23285.18,22350.0,23107.39,1820875361.2945976
2020-12-19 00:00,23107.39,24171.47,22750.0,23821.61,2018969878.8868675
2020-12-20 00:00,23821.6,24295.0,23060.0,23455.52,1810862074.730308
2020-12-21 00:00,23455.54,24102.77,21815.0,22719.71,2035446293.9289708
2020-12-22 00:00,22719.88,23837.1,22353.4,23810.79,2010758620.2435267
2020-12-23 00:00,23810.79,24100.0,22600.0,23232.76,2797688007.0718794
2020-12-24 00:00,23232.39,23794.43,22703.42,23729.2,1602394244.0767715
2020-12-25 00:00,23728.99,24789.86,23433.6,24712.47,1919766316.6677368
2020-12-26 00:00,24712.47,26867.03,24500.0,26493.39,2496533065.175581
2020-12-27 00:00,26493.4,28422.0,25700.0,26281.66,4028928683.882025
2020-12-28 00:00,26281.54,27500.0,26101.0,27079.41,2151806808.5743523
2020-12-29 00:00,27079.42,27410.0,25880.0,27385.0,1851617219.7682345
2020-12-30 00:00,27385.0,28996.0,27320.0,28875.54,2683953237.460271
2020-12-31 00:00,28875.55,29300.0,27850.0,28923.63,2173600125.4200735
2021-01-01 00:00,28923.63,29600.0,28624.57,29331.69,1582526989.1618726
2021-01-02 00:00,29331.7,33300.0,28946.53,32178.33,4073842163.6715407
2021-01-03 00:00,32176.45,34778.11,31962.99,33000.05,4057598425.492016
2021-01-04 00:00,33000.05,33600.0,28130.0,31988.71,4429010349.695345
2021-01-05 00:00,31989.75,34360.0,29900.0,33949.53,3743617144.6469154
2021-01-06 00:00,33949.53,36939.21,33288.0,36769.36,4431954248.519614
2021-01-07 00:00,36769.36,40365.0,36300.0,39432.28,5062569943.383372
2021-01-08 00:00,39432.48,41950.0,36500.0,40582.81,5568443208.731365
2021-01-09 00:00,40586.96,41380.0,38720.0,40088.22,3054779029.161777
2021-01-10 00:00,40088.22,41350.0,35111.11,38150.02,4604034729.507071
2021-01-11 00:00,38150.02,38264.74,30420.0,35404.47,8426879770.740009
2021-01-12 00:00,35410.37,36628.0,32531.0,34051.24,4651302423.484116
2021-01-13 00:00,34049.15,37850.0,32380.0,37371.38,4322876606.419625
2021-01-14 00:00,37371.38,40100.0,36701.23,39144.5,3974826638.1450887
2021-01-15 00:00,39145.21,39747.76,34408.0,36742.22,4371588898.681637
2021-01-16 00:00,36737.43,37950.0,35357.8,35994.98,3178840336.1492844
2021-01-17 00:00,35994.98,36852.5,33850.0,35828.61,2843103040.240664
2021-01-18 00:00,35824.99,37469.83,34800.0,36631.27,2554843260.524399
2021-01-19 00:00,36622.46,37850.0,35844.06,35891.49,2935348499.344214
2021-01-20 00:00,35901.94,36415.31,33400.0,35468.23,3126721093.520776
2021-01-21 00:00,35468.23,35600.0,30071.0,30850.13,4281220573.9354296
2021-01-22 00:00,30851.99,33826.53,28850.0,32945.17,4483295872.022273
2021-01-23 00:00,32950.0,33456.0,31390.16,32078.0,2089098295.758437
2021-01-24 00:00,32078.0,33071.0,30900.0,32259.9,1864609665.3657017
2021-01-25 00:00,32259.45,34875.0,31910.0,32254.2,2958759288.5635686
2021-01-26 00:00,32254.19,32921.88,30837.37,32467.77,2708545364.494641
2021-01-27 00:00,32464.01,32557.29,29241.72,30366.15,2958081421.641559
2021-01-28 00:00,30362.19,33783.98,29842.1,33364.86,2953553214.0656815
2021-01-29 00:00,33368.18,38531.9,31915.4,34252.2,8195593336.228466
2021-01-30 00:00,34246.28,34933.0,32825.0,34262.88,2884500062.9380784
2021-01-31 00:00,34262.89,34342.69,32171.67,33092.98,2289641045.7580123
2021-02-01 00:00,33092.97,34717.27,32296.16,33526.37,2791776658.0056057
2021-02-02 00:00,33517.09,35984.33,33418.0,35466.24,2716321896.3176084
2021-02-03 00:00,35472.71,37662.63,35362.38,37618.87,2951232788.1843047
2021-02-04 00:00,37620.26,38708.27,36161.95,36936.66,3452669022.153292
2021-02-05 00:00,36936.65,38310.12,36570.0,38290.24,2509278291.7515864
2021-02-06 00:00,38289.32,40955.51,38215.94,39186.94,3922095148.92815
2021-02-07 00:00,39181.01,39700.0,37351.0,38795.69,3256521384.2406106
2021-02-08 00:00,38795.69,46794.45,37988.89,46374.87,5881536976.635699
2021-02-09 00:00,46374.86,48142.19,44961.09,46420.42,5386255398.017187
2021-02-10 00:00,46420.42,47310.0,43727.0,44807.58,4431650130.251104
2021-02-11 00:00,44807.58,48678.9,43994.02,47969.51,4185630934.4108953
2021-02-12 00:00,47968.66,48985.8,46125.0,47287.6,4080571908.9676614
2021-02-13 00:00,47298.15,48150.0,46202.53,47153.69,3007710147.41816
2021-02-14 00:00,47156.78,49707.43,47014.17,48577.79,3584808348.834733
2021-02-15 00:00,48580.47,49010.92,45570.79,47911.1,3782219060.6647215
2021-02-16 00:00,47911.1,50689.18,47003.62,49133.45,4349983777.692368
2021-02-17 00:00,49133.45,52618.74,48947.0,52119.71,4365831514.815297
2021-02-18 00:00,52117.67,52530.0,50901.9,51552.6,3149973077.4874654
2021-02-19 00:00,51552.61,56368.0,50710.2,55906.0,4251167827.6842465
2021-02-20 00:00,55906.0,57700.46,53863.93,55841.19,4551890859.8512745
2021-02-21 00:00,55841.19,58352.8,55477.59,57408.57,3317998263.347889
2021-02-22 00:00,57412.35,57508.47,47622.0,54087.67,7213386720.436797
2021-02-23 00:00,54087.67,54183.59,44892.56,48891.0,8215839131.243385
2021-02-24 00:00,48891.0,51374.99,46988.69,49676.2,4574033001.379536
2021-02-25 00:00,49676.21,52041.73,46674.34,47073.73,4152188728.1416154
2021-02-26 00:00,47073.73,48424.11,44106.78,46276.87,5086374532.734615
2021-02-27 00:00,46276.88,48394.0,45000.0,46106.43,3105897438.550972
2021-02-28 00:00,46103.67,46638.46,43000.0,45135.66,3708359965.454581
2021-03-01 00:00,45134.11,49790.0,44950.53,49587.03,4057515794.865728
2021-03-02 00:00,49595.76,50200.0,47047.6,48440.65,3120472069.909453
2021-03-03 00:00,48436.61,52640.0,48100.71,50349.37,4109521257.5407
2021-03-04 00:00,50349.37,51773.88,47500.0,48374.09,4079837240.8567615
2021-03-05 00:00,48374.09,49448.93,46300.0,48751.71,3727133104.8373103
2021-03-06 00:00,48746.81,49200.0,47070.0,48882.2,2143910705.2915032
2021-03-07 00:00,48882.2,51450.03,48882.2,50971.75,2778875909.4491262
2021-03-08 00:00,50959.11,52402.78,49274.67,52375.17,3400847931.036074
2021-03-09 00:00,52375.18,54895.0,51789.41,54884.5,3861450964.654904
2021-03-10 00:00,54874.67,57387.69,53005.0,55851.59,4700197563.359213
2021-03-11 00:00,55851.59,58150.0,54272.82,57773.16,4612366201.00222
2021-03-12 00:00,57773.15,58081.51,54962.84,57221.72,4162054726.378839
2021-03-13 00:00,57221.72,61844.0,56078.23,61188.39,4933383453.245977
2021-03-14 00:00,61188.38,61724.79,58966.78,58968.31,3176397573.8846426
2021-03-15 00:00,58976.08,60633.43,54600.0,55605.2,5874241052.093372
2021-03-16 00:00,55605.2,56938.29,53271.34,56900.75,4304259207.6451
2021-03-17 00:00,56900.74,58974.73,54123.69,58912.97,3960992972.154292
2021-03-18 00:00,58912.97,60129.97,57023.0,57648.16,3900885761.2128057
2021-03-19 00:00,57641.0,59468.0,56270.74,58030.01,3052711147.9349246
2021-03-20 00:00,58030.01,59880.0,57820.17,58102.28,2616535093.051585
2021-03-21 00:00,58100.02,58589.1,55450.11,57351.56,2774223129.62381
2021-03-22 00:00,57351.56,58430.73,53650.0,54083.25,3527479514.3256526
2021-03-23 00:00,54083.25,55830.9,53000.0,54340.89,3264650774.817461
2021-03-24 00:00,54342.8,57200.0,51700.0,52303.65,4583159614.046461
2021-03-25 00:00,52303.66,53287.0,50427.56,51293.78,4536327184.957861
2021-03-26 00:00,51293.78,55073.46,51214.6,55025.59,3397036140.751637
2021-03-27 00:00,55025.59,56700.36,53950.0,55817.14,2767070175.861931
2021-03-28 00:00,55817.14,56559.75,54691.84,55777.63,2178777329.4452167
2021-03-29 00:00,55777.65,58405.82,54800.01,57635.47,3877131109.7346454
2021-03-30 00:00,57635.46,59368.0,57071.35,58746.57,3221944107.4550304
2021-03-31 00:00,58746.57,59800.0,56769.0,58740.55,3575976083.804576
2021-04-01 00:00,58739.46,59490.0,57935.45,58720.44,2789238879.943373
2021-04-02 00:00,58720.45,60200.0,58428.57,58950.01,2811159761.2684674
2021-04-03 00:00,58950.01,59791.72,56880.0,57051.94,2783151686.164537
2021-04-04 00:00,57051.95,58492.85,56388.0,58202.01,2380139010.7302322
2021-04-05 00:00,58202.01,59272.0,56777.77,59129.99,3155214764.164485
2021-04-06 00:00,59129.99,59495.24,57413.02,57991.15,3166911557.1481576
2021-04-07 00:00,57990.03,58655.0,55473.0,55953.45,4053294016.484514
2021-04-08 00:00,55953.44,58153.31,55700.0,58077.52,2531779682.552427
2021-04-09 00:00,58077.52,58894.9,57654.0,58142.54,2378340697.289584
2021-04-10 00:00,58142.55,61500.0,57900.01,59769.13,4197138552.4690337
2021-04-11 00:00,59769.13,60699.0,59232.52,60002.43,2462032926.617981
2021-04-12 00:00,59998.8,61300.0,59350.59,59860.0,3393042867.8714666
2021-04-13 00:00,59860.01,63777.77,59805.15,63575.0,5154877375.389618
2021-04-14 00:00,63575.01,64854.0,61301.0,62959.53,5239081228.156977
2021-04-15 00:00,62959.53,63800.0,62020.0,63159.98,3248931738.293182
2021-04-16 00:00,63158.74,63520.61,60000.0,61334.8,5647292669.615493
2021-04-17 00:00,61334.81,62506.05,59580.91,60006.66,3605701810.6750474
2021-04-18 00:00,60006.67,60499.0,50931.3,56150.01,6949379727.429153
2021-04-19 00:00,56150.01,57526.81,54221.58,55633.14,4398619580.647143
2021-04-20 00:00,55633.14,57076.24,53329.96,56425.0,4037701391.6195264
2021-04-21 00:00,56425.0,56757.91,53536.02,53787.63,3704549578.6973033
2021-04-22 00:00,53787.62,55521.48,50500.0,51690.96,5594983857.318092
2021-04-23 00:00,51690.95,52131.85,47500.0,51125.14,6571097317.467918
2021-04-24 00:00,51110.56,51166.22,48657.14,50047.84,2762081002.878663
2021-04-25 00:00,50047.84,50567.91,46930.0,49066.77,2867858315.1873198
2021-04-26 00:00,49066.76,54356.62,48753.44,54001.39,4555688503.3973875
2021-04-27 00:00,54001.38,55460.0,53222.0,55011.97,2949719328.3669896
2021-04-28 00:00,55011.97,56428.0,53813.16,54846.22,3020242787.5066776
2021-04-29 00:00,54846.23,55195.84,52330.94,53555.0,2823220335.476041
2021-04-30 00:00,53555.0,57963.0,53013.01,57694.27,3808187372.73938
2021-05-01 00:00,57697.25,58458.07,56956.14,57800.37,2460342954.8425207
2021-05-02 00:00,57797.35,57911.02,56035.25,56578.21,2089763230.4396267
2021-05-03 00:00,56578.21,58981.44,56435.0,57169.39,3337604542.627381
2021-05-04 00:00,57169.39,57200.0,53046.69,53200.01,4705402064.300975
2021-05-05 00:00,53205.05,58069.82,52900.0,57436.11,4327994296.151437
2021-05-06 00:00,57436.11,58360.0,55200.0,56393.68,3992289527.7370977
2021-05-07 00:00,56393.68,58650.0,55241.63,57314.75,4239374487.474772
2021-05-08 00:00,57315.49,59500.0,56900.0,58862.05,4079553831.988064
2021-05-09 00:00,58866.53,59300.0,56235.66,58240.84,4043552701.5065994
2021-05-10 00:00,58240.83,59500.0,53400.0,55816.14,5131782639.966137
2021-05-11 00:00,55816.14,56862.43,54370.0,56670.02,3583030654.763019
2021-05-12 00:00,56670.02,58000.01,48600.0,49631.32,5476115093.110468
2021-05-13 00:00,49537.15,51367.19,46000.0,49670.97,7303694688.601401
2021-05-14 00:00,49671.92,51483.0,48799.75,49841.45,4015904915.4079113
2021-05-15 00:00,49844.16,50700.0,46555.0,46762.99,4350775846.517358
2021-05-16 00:00,46762.99,49795.89,43825.39,46431.5,5367497608.115901
2021-05-17 00:00,46426.83,46686.0,42001.0,43538.04,7346755531.933858
2021-05-18 00:00,43538.02,45799.29,42250.02,42849.78,5146670282.547901
2021-05-19 00:00,42849.78,43584.9,30000.0,36690.09,13477694934.871796
2021-05-20 00:00,36671.23,42451.67,34850.0,40526.64,8019897067.176221
2021-05-21 00:00,40525.39,42200.0,33488.0,37252.01,7713346610.274128
2021-05-22 00:00,37263.35,38829.0,35200.62,37449.73,4730567647.6744
2021-05-23 00:00,37458.51,38270.64,31111.01,34655.25,7431242463.203841
2021-05-24 00:00,34681.44,39920.0,34031.0,38796.29,5996773032.151345
2021-05-25 00:00,38810.99,39791.77,36419.62,38324.72,4253519579.378729
2021-05-26 00:00,38324.72,40841.0,37800.44,39241.91,4113717505.2635546
2021-05-27 00:00,39241.92,40411.14,37134.27,38529.98,3361413526.0535436
2021-05-28 00:00,38529.99,38877.83,34684.0,35663.49,4926260941.933613
2021-05-29 00:00,35661.79,37338.58,33632.76,34605.15,3949843335.322595
2021-05-30 00:00,34605.15,36488.0,33379.0,35641.27,2601994948.148242
2021-05-31 00:00,35641.26,37499.0,34153.84,37253.81,3406047734.8311286
2021-06-01 00:00,37253.82,37894.81,35666.0,36693.09,2973928300.375587
2021-06-02 00:00,36694.85,38225.0,35920.0,37568.68,2523462575.6884375
2021-06-03 00:00,37568.68,39476.0,37170.0,39246.79,2930945325.709207
2021-06-04 00:00,39246.78,39289.07,35555.15,36829.0,3379399754.9305224
2021-06-05 00:00,36829.15,37925.0,34800.0,35513.2,2560547116.8364058
2021-06-06 00:00,35516.07,36480.0,35222.0,35796.31,1711857075.0471697
2021-06-07 00:00,35796.31,36900.0,33300.0,33552.79,2755673601.7139134
2021-06-08 00:00,33556.96,34068.01,31000.0,33380.81,4030784324.609684
2021-06-09 00:00,33380.8,37534.79,32396.82,37388.05,4794741674.438823
2021-06-10 00:00,37388.05,38491.0,35782.0,36675.72,4062957162.3643
2021-06-11 00:00,36677.83,37680.4,35936.77,37331.98,2903043643.310072
2021-06-12 00:00,37331.98,37463.63,34600.36,35546.11,3132387326.5375137
2021-06-13 00:00,35546.12,39380.0,34757.0,39020.57,3208991521.63768
2021-06-14 00:00,39020.56,41064.05,38730.0,40516.29,4320307646.765389
2021-06-15 00:00,40516.28,41330.0,39506.4,40144.04,3247746713.6274095
2021-06-16 00:00,40143.8,40527.14,38116.01,38349.01,3450556041.6005836
2021-06-17 00:00,38349.0,39559.88,37365.0,38092.97,3065622530.039886
2021-06-18 00:00,38092.97,38202.84,35129.29,35819.84,3507868126.3062024
2021-06-19 00:00,35820.48,36457.0,34803.52,35483.72,2453817534.777169
2021-06-20 00:00,35483.72,36137.72,33336.0,35600.16,3124634336.8407607
2021-06-21 00:00,35600.17,35750.0,31251.23,31608.93,5545926077.788067
2021-06-22 00:00,31614.12,33298.78,28805.0,32509.56,6406159197.076789
2021-06-23 00:00,32509.56,34881.0,31683.0,33678.07,4282250433.919445
2021-06-24 00:00,33675.07,35298.0,32286.57,34663.09,2925373222.1059766
2021-06-25 00:00,34663.08,35500.0,31275.0,31584.45,3846120542.6572967
2021-06-26 00:00,31576.09,32730.0,30151.0,32283.65,3376415451.793124
2021-06-27 00:00,32283.65,34749.0,31973.45,34700.34,3199980157.750333
2021-06-28 00:00,34702.49,35297.71,33862.72,34494.89,2837122779.5244017
2021-06-29 00:00,34494.89,36600.0,34225.43,35911.73,3233947791.8633885
2021-06-30 00:00,35911.72,36100.0,34017.55,35045.0,2688939291.0956726
2021-07-01 00:00,35045.0,35057.57,32711.0,33504.69,2410809595.3904567
2021-07-02 00:00,33502.33,33977.04,32699.0,33786.55,1870193042.3935368
2021-07-03 00:00,33786.54,34945.61,33316.73,34669.13,1478423023.503483
2021-07-04 00:00,34669.12,35967.85,34357.15,35286.51,1544458212.3926332
2021-07-05 00:00,35288.13,35293.78,33125.55,33690.14,2183406257.493829
2021-07-06 00:00,33690.15,35118.88,33532.0,34220.01,1991691100.9482656
2021-07-07 00:00,34220.02,34293.14,34126.0,34271.29,13513521.26598797
